usuarios,almacenamiento,cpu_horas,api_calls,costo_total
7370,805.0682624255936,1501.265882972113,791074,1167.5014680627305
960,2902.6273828257254,771.1776761539219,261220,801.7848624596126
5490,3053.239479595137,663.4176044465449,422217,854.1814827530758
5291,2149.4468229468107,764.4361365171142,297208,930.0590400304054
5834,3695.398966342378,1571.8417092442455,751186,1399.7111987384535
6365,4675.116723106624,1356.6041610337872,801554,1454.488084210695
566,4631.564138888542,451.8715789481891,943324,758.7889202557947
4526,2281.654888450454,430.80773713476026,69431,597.2532758676174
5678,610.5283269117385,286.9517344554549,56745,562.4473197959397
8422,4924.9639348635565,1354.5751674325425,51081,1573.4975956325613
1785,4202.545527907374,1552.3080582212983,989406,1302.4164486853012
869,667.0802719561709,603.5882138175077,927215,479.33432355640855
7049,4608.167318955993,139.79542595873434,217204,845.6802176166091
2533,4355.986992207535,256.12616820521197,937297,752.7254376361291
5411,2618.248382774057,1938.9340662055579,402415,1587.8926999248033
5151,2976.8134069373996,661.3450772070985,601541,859.1403394308103
6520,2025.0633841571448,1561.523980892454,299335,1380.7310624917561
1284,321.0701121690551,1286.860780823101,797643,659.6849019163759
4655,1709.2263461472096,825.6853153405023,112086,837.1161720247005
3485,4024.124570560157,490.8057981715547,457285,765.2082803566026
6496,72.92851387278415,330.6341945028722,975250,554.290876065524
8766,1700.8208998711636,1268.5246392738466,415758,1289.82479204515
9374,2020.9350332751694,1571.8041832117972,425528,1564.8198747129777
2658,2710.108234542718,1323.4180817281483,439458,1141.078593465971
7949,4603.285301243164,1107.574053173401,889403,1412.1710268309441
2147,1764.4126721115083,179.7073245201089,619071,325.74826510626326
2847,1767.418349386327,1940.1286774293292,650969,1323.9502176367669
9267,3700.6311781432546,1617.5569641436916,613181,1645.2868393668969
289,2288.4788074045455,656.361869731833,973892,658.7754878361563
2834,1161.7938735529108,1961.9436257818163,500797,1135.5401280754106
3105,2289.5756048568323,1243.575020309012,159763,1116.9955386046206
4758,747.2422508800094,1206.6030505937683,603248,948.5577607654752
1999,923.1155832058054,1521.3390409161111,871820,920.9986726926176
7834,2516.920475060425,1642.3625973712612,23601,1501.5088175626015
1367,2123.680975047512,1347.309353929855,412236,1023.3662055341638
1628,4578.487210287095,343.38191809578007,140227,718.059294641784
3656,1843.849800627334,742.7082613895469,725479,657.5478815502647
3990,2923.912333876315,1863.3589166194945,999555,1418.8738898800236
8938,3179.7082252016753,526.7696625033186,693137,1087.156776423934
5493,114.8175601122515,807.1173452912753,282854,717.3522053682316
8892,3334.5099914827174,920.9460775939724,371858,1234.4172664034893
8533,931.2780360052695,934.8694804194591,680892,1059.4372553548283
7613,4807.298071473803,1264.5852067395986,654015,1537.1778525587947
2712,785.8805023779091,1891.8440917149444,937105,1210.2981038921803
7141,2102.3894124487674,557.3161524817594,588515,831.3004328867163
9655,472.4808569892871,330.8526149717443,661327,676.668479097496
6335,4984.52754663744,475.1939307338809,609577,973.8975039965331
5586,2535.865301139651,1785.157310397612,152094,1414.0165375159086
7199,2997.155835734217,1327.0405440448915,437679,1374.3322482857739
9770,382.02856307271605,643.2228995544042,731031,845.4199512336944
875,3762.30432847593,1650.299184040373,793154,1275.3385071942298
8326,1089.0326858231494,1736.6029930905283,683773,1455.902462960243
3252,4495.368732731533,1708.3772435115284,868482,1493.651964618849
1685,1065.4412203859356,1845.9604139151534,503648,1142.3365470842102
4043,993.9042172851496,579.257938329387,759108,530.8693477913307
7655,230.92085584806966,1534.5796646179288,762282,1164.6264986886724
3173,2386.731378294496,975.025044820866,480083,975.9678155647124
1121,2845.963609649951,1699.797250491117,346740,1199.2022452653582
3943,375.2577651703442,1484.132286607065,854164,1080.1204689203955
8089,3888.861702640302,1575.2501483494768,406513,1548.870592906821
9792,2293.7797320027366,1346.707491594036,69323,1404.7223216040188
6973,2645.731833171521,437.1146619924431,286960,815.5161924357803
5775,2231.7755973442295,1135.551145904183,565983,1114.9621969427421
261,2033.7771513328637,1970.8725050965656,413918,1250.7535810845752
4397,2820.2196399756785,1881.037326344526,419458,1476.708511954876
1095,818.4392173570269,182.03009801432216,56841,280.2699879302652
7729,950.5442459515921,413.14814988593054,391642,691.3362701120083
9567,4315.838824016911,350.28466956366765,199784,1077.547638800341
1116,4733.271537561482,1479.3618289720614,108096,1181.97937787838
7969,1897.881115584777,1653.7921267281956,93764,1447.9943616808039
6539,1390.1861320605913,505.6715959902766,447790,731.8915158132054
7992,3237.797739033128,1061.1201166084752,611032,1256.6544153294237
6963,2073.234146935577,1697.33575322128,815914,1402.7595610314804
8016,175.66246051870706,1492.322935055876,534459,1168.0283255126192
8629,822.9553569626423,1130.2506904345119,626043,1073.3195043386243
978,3594.0625327946177,1221.6606118716684,493148,997.6663472871309
9368,3311.6735124552492,1065.885039140932,633413,1350.8234448521994
4987,184.12516289224328,665.342057505759,918154,633.8230409887515
4959,1148.7622015680997,1173.5417864321307,369226,914.7609776535663
6431,1193.8202431109535,1408.8820738951722,4696,1125.3832427993118
8671,3375.8690808137058,1759.3135401355346,127310,1641.8356905858948
8784,147.56716188410257,1308.9535725605713,938562,1118.0597878375352
7308,565.3374808236405,1546.130920382,676673,1195.3566647940759
5376,4009.5846225972873,404.1361064136887,806581,912.8783854493928
2162,933.7960771689513,976.9592013976009,917496,616.5158176305051
164,3281.09323386678,117.73007767147726,840953,329.8320323054108
8106,1229.0047661812962,568.6898425910838,46740,822.6912678763504
2668,542.2348941587586,1480.2772587147092,107611,898.703936381841
5563,1253.7023454472978,1984.4389075637905,399172,1443.9435236153156
2127,3625.2213126855127,288.43838921571023,469947,676.280843505834
2795,4285.697517126115,862.8392001364476,476828,1016.1949906019807
9787,4159.588329606609,1620.134840528403,774210,1669.5196074111534
5358,2016.0584716113515,487.6677057949078,329785,769.3672258699421
5718,3357.0214260246985,1154.6614036743438,589099,1214.7689675471584
6836,1064.6722623083137,1492.8354624563822,446376,1124.8019188326666
491,1501.0812647920156,1270.3723554943401,707673,746.9950518231124
5992,4486.862301679543,457.24699576929066,588520,1058.6422675380318
3661,114.35952137814337,775.2306805029049,802849,657.6865780523283
6284,473.267227729617,1589.2043905222547,681089,1037.082650929277
3199,1079.0369629728352,1153.0303768508315,113492,777.6142599598054
6378,181.3344091754076,109.9362657315342,31099,449.35533856439065
8492,948.1054036944967,1545.8824440533783,754494,1298.9720729764865
3204,2936.055726799976,167.09157438645423,424177,576.6855941478293
7315,2136.0515254328648,1516.894187189341,931106,1344.0156688330521
2554,4468.724969831025,484.71306431395107,643762,856.0912736436384
9096,4096.345630605283,1920.3396122268223,272400,1827.620046507211
2831,1741.995890904486,799.0874274739605,480336,698.2162499895805
8254,1334.1459954848979,721.1700710423503,768876,967.3255865654054
9862,1929.477420427971,382.88729563164486,559969,893.1938106599019
5156,2971.959965448298,680.6480094314082,92328,928.8627170727123
8210,1376.9150220732374,1765.636447473581,743800,1446.3201221921527
3940,3139.5370938532133,1993.03524149177,983293,1492.9864154537156
1128,2076.58767834664,799.7881079630118,306505,747.4373373840297
7485,2782.633545217302,952.3601988136309,458719,1151.029056666429
602,2208.8263192198174,1471.9347825852003,35540,969.5529909959744
7010,1507.6055097324925,1783.7719828836416,158608,1458.649095931006
9162,4744.843869462676,1226.7842349548898,85700,1480.7923157297646
7038,3829.848681090816,843.8988265378757,981547,1278.4639339178188
4588,743.5602200439401,883.9814976123852,341676,740.2060429274152
306,4348.916480694668,1421.674478343933,712935,1104.7575268722646
5234,2462.7844313350924,106.1147008481295,390770,660.2405609804523
6077,4478.033523125752,1277.2197411736972,397087,1371.0757122457844
7821,4009.28351693921,775.436719838579,47002,1192.3289601059919
7135,2154.8068471227057,1608.97492942646,50812,1413.1108064974737
1584,161.22307618458112,276.68221566395107,416842,297.04046183344093
7958,1379.952928955483,1217.584307201942,716339,1166.8395646825977
963,2731.089362571291,1013.8484907836352,994561,805.7630212324448
2890,3185.717188139429,1320.418499219932,258906,1136.8196545906085
7508,1326.5440428943514,223.22182951763986,109946,599.7990017816691
8855,739.8125666604794,1201.9691961134495,67668,1130.843118540999
5216,4182.904672156531,1166.8207171230952,100003,1344.9083330650435
6119,4922.790794482583,1165.2541793907249,736430,1426.0167287258105
1857,2652.166402398295,1246.6265665332642,221462,993.9268654113786
7674,899.8124649491023,1385.2890807300882,830430,1211.5546284902714
6474,1397.9212662708762,1629.4790993934625,720174,1325.9374489192783
6992,141.03384890996034,612.6593682436072,629889,622.4382538643633
1778,4575.77909247447,1667.5938793421178,964111,1392.002094479291
3342,632.8678603061986,1046.6857963005618,270956,884.5656271475266
4736,2903.756553795555,246.41073035522922,62844,711.6505098087634
1159,1406.5733424016696,211.24676556356047,726453,286.32346906388716
6768,2793.1811124531773,735.0528055225155,396395,959.0480692006945
3257,3274.530922341728,1591.3042565117883,700158,1261.130514331287
6015,4157.221928350648,1444.59377600774,75601,1482.8410883520378
9889,1071.785295214986,1598.3684328775723,926779,1490.4625820160957
2793,104.42935185947837,1082.8112072390577,969078,730.2976710294797
3727,727.583868840596,936.3780961154321,311001,738.2655624352166
9655,4505.09227714812,380.1598007419395,388699,1105.0183502041432
5550,4375.75588393445,723.566231857692,495700,1098.2843616014675
1763,3007.194855743026,924.636795730363,283844,813.0202374346736
9821,3022.558459146584,268.3408163912727,783215,838.5201267497329
5692,3341.9315390039646,519.1627101513013,433680,964.5525934816696
7492,918.0878291860755,1236.6280587211038,174423,1036.1764087610538
1406,4576.3391323285505,1497.7599170544606,94330,1261.5155530766194
6876,2122.914098215762,1996.8602716466044,226391,1589.6033281763428
5964,1946.5357148350124,1872.9153295527597,214606,1503.180639727184
9574,2618.6426411500456,1320.873879116864,408085,1417.9385862943677
7626,282.4815355365225,900.3713012587368,192387,801.9721247999792
9001,873.1026753425931,1308.7369929456422,242133,1179.0827715225028
5675,3703.2664013105336,1592.7380743524407,487904,1421.4004470560199
5630,459.853406229376,324.83876275443595,415170,492.1458706265895
4513,3035.6029418586218,878.8192904229477,687915,1037.0983129608178
3848,1264.4780929225387,1695.6243427076727,326497,1043.0555208425958
763,1977.0132895077838,829.2826086727836,476406,634.6872017857957
2098,1479.0339970149644,1186.5573153316543,439242,826.2719955479727
8094,1810.5799465014982,1216.7617856381767,363916,1134.9399802244561
1595,3609.277230662015,450.5048809539148,179048,696.9951807306397
3404,1520.7524923347164,788.2473391393479,999082,655.6409452093432
3863,2853.702969469641,735.571448609671,354646,784.8577672869834
5332,2406.449490885543,149.7737462109231,377087,628.4561528950464
1953,3335.172268545108,145.96435139357496,372994,582.9079109994318
6685,4687.307209657552,1680.2243829839697,570383,1644.991904027142
1391,3676.231881190739,618.8345389483436,146342,687.1840716437824
3681,1113.954874024246,1084.3496558537495,687268,809.2152907403869
7654,204.35651855335914,667.5785898186688,802955,795.3545941269225
7380,1348.207019284134,1887.290565719147,63433,1453.9222268211568
1736,2995.6357569662614,592.6638418449702,965572,687.2992777750151
3796,304.5577767470392,916.3479442039767,545279,699.5350252723496
798,2507.01292364612,1758.1874759207435,273919,1170.5512231487116
4837,3004.372102138602,1699.6737769044364,472017,1474.129883549039
954,1704.507259543956,453.5926939079269,348139,410.971299673679
8264,3866.0154085418185,1625.0222886118497,979754,1578.9122693183463
5955,577.6613530121705,970.555084801996,148745,773.1084517987822
7492,421.93201959225337,1017.6408569621749,648096,905.0952086540283
6628,3654.5343432078366,353.6119475902932,683416,825.8947943826226
5349,2502.6820152206824,253.14287613853685,138686,656.5802750239728
5272,3457.5918623172934,1483.0846832501538,8415,1352.0330461330634
1807,2202.3953260885437,1043.2761894750695,771326,785.9871123429903
5891,1269.6900645335786,930.0163349688412,438100,920.365141889177
5635,4104.556472487289,1486.0656344395538,935468,1520.4337878249994
5031,4007.108600896447,1554.4745080831085,956230,1456.9523315647502
3610,3488.7475307294126,401.92551857177176,779493,610.9575332110536
302,1397.1184292883154,1259.4277840075185,300188,886.8841634660961
4318,2971.641801001981,357.1727563276025,713509,736.1318217175523
9058,1836.8207898531327,1527.6126634551867,169616,1499.905483372329
4489,503.33126296683906,1348.2147969075652,50976,1003.9364640579582
2427,4590.702198538102,1917.5677800585702,426468,1607.9945608266232
8104,727.2522230488589,231.02023107720024,266976,606.3684425235404
3031,4753.674901412972,208.4039701873832,222883,720.2335046254972
7877,2257.7285761418807,636.1554419170802,212509,958.4997279593363
297,966.4079977511673,597.2407990982213,497965,379.6515953119004
7225,2732.4096895228727,569.2597182367997,821580,949.0306706156987
2030,4371.081887588221,1821.8837029899696,979744,1328.0081673862715
6387,3674.513187727328,574.1377797140616,764529,983.6621108904844
8900,4042.477681914176,616.7044796443989,519823,1230.0320440187236
9439,3310.977665218051,1542.856698594131,220526,1581.396804765319
4382,3476.7689943633695,954.505700656026,899662,1139.4005066658995
2611,4253.51847524833,1575.7500582148443,348220,1334.071807239825
759,1285.8566438529704,224.19569937233194,995620,338.72225972085437
2911,2472.6535700335453,1026.3852679794302,971963,871.8141173094014
7198,1144.986737007031,163.865840348237,825834,612.6877648525906
6646,4938.956639583403,219.0410865651736,714087,954.4868226523178
9661,4723.0937314487355,1822.231161354381,39578,1855.8832090299277
2086,245.16271627410418,364.5662051234308,615741,188.56267843590481
8438,3542.597103952658,1111.5992963229126,416534,1323.4058597664448
3011,4629.979171207546,881.0816449413425,863147,1073.3928605554163
1834,943.847958380301,759.952319891801,209859,609.5950175449265
1943,2861.328891235516,1809.6833568058178,112435,1367.2964074814138
8780,4581.6670730608075,141.46445387343005,741389,1077.0644593110915
3076,218.03259399970426,1361.2004037336192,152538,920.0422084229293
2059,3502.2303228718574,1930.4494250057458,883174,1399.124968524849
5859,1521.8775864941263,1164.3195485774997,46475,1012.5220784622757
6794,4625.761167113826,1879.9626778628744,847574,1787.6789691950041
2485,4856.73831356857,199.28997064344514,741520,742.9647396709697
4836,4724.119121111498,895.7073062409066,158636,1245.0692232011713
1902,2397.3603724544455,594.2998028278972,154484,757.5002495948888
8255,4317.111122397101,1488.5598334633867,94526,1703.0452987263145
8220,4230.519522748598,1964.4644719447688,52001,1891.5011082371614
6716,1629.5473425541154,587.4071186440708,845081,827.3042360245919
5634,4153.131597045853,1342.9317428007414,193029,1437.8755742522483
4161,233.18779184168847,476.38550224350627,429733,556.9309109923418
362,3001.5358984861628,1174.127483686059,669516,904.6474718288947
6387,1188.5437445741302,981.4717247078388,941568,911.7228681858944
8915,646.8060845975301,1946.8101262999205,550999,1450.9746116061294
9308,430.9183480645853,1256.2018181232866,555394,1098.3274471958368
2149,3496.629440596792,764.0621069649557,852890,778.5731314124974
5523,1732.3810706519273,316.7819912870734,935093,629.6251181646159
4648,3637.5955190673694,387.36897459637566,483488,744.6912791505182
3208,373.51388695476476,528.1021669073466,393573,426.5620929423807
7258,1610.6871722615213,576.8366565465662,218583,849.6356534582717
7500,2720.481897257919,1716.1705098981618,364898,1517.8628779875482
3270,3964.0796659528696,1166.3232977367973,139286,1165.9437224953695
9974,1627.824889513746,1094.4427316112963,228189,1279.243182851627
2355,3148.162313363195,318.0608565515132,127479,636.097945039116
1254,4435.589853769126,1734.2654173639264,421343,1453.549453131509
4599,3098.5227815024077,1473.347176096119,137213,1281.8468209372038
6395,1203.1494000304872,228.569887610003,554172,640.48113337367
6297,170.7838687048632,1444.8866847365605,265852,1075.0170874566395
9988,4356.989425809603,1132.7226129510275,805807,1517.9536321112341
1748,155.28358370941635,255.2781569188787,540376,309.0475071442062
5639,4379.7732797867875,970.7712189044473,320759,1164.9128434712377
9737,2668.2388134346993,1020.9229455470893,373282,1369.0482024941384
4299,4698.385107638836,414.97162631022394,701406,885.1833829171313
8545,4003.9770170796437,1896.8264793005364,273158,1717.8871227807665
2657,4989.773847140021,1714.9532058132577,720785,1529.186935223424
5692,1786.0234864859653,1371.142440925306,397489,1133.8823836053366
198,3847.5820302090783,978.3615659011537,703495,992.1642905670471
2300,2039.5580223657487,882.3545290105661,365986,742.1478858026005
3061,2425.3843205043486,1336.849587586813,949385,1089.2295217114395
5073,3156.152042930932,1136.3205518731204,491238,1071.0581944557482
4533,4374.701715222377,218.31890117558265,79077,814.7161043549025
2969,4921.213172536511,1073.7550326636301,140784,1139.9871697925212
1056,3852.953398629365,1632.166872742395,206776,1290.9127707507641
8452,2117.945571728302,972.5557674342203,316018,1102.4153589046473
5799,2135.7171612714974,198.71749735311,70087,501.23460046756475
7044,3701.0323928650128,1593.928578829663,799729,1533.824323218527
4593,1231.9468715530966,482.59118605835135,765629,606.1179960384071
9592,596.8468600004036,591.3795862872737,814560,887.173657824808
5011,1805.3796803218438,412.9420715213622,593656,721.2955923848257
4087,1471.8330086877045,727.4086232558453,744859,818.3066729925331
9819,1516.7251962571509,1537.8278608084065,342102,1458.1651807034627
6115,1206.3583676970543,1086.833133057481,296064,986.6940029017419
1318,258.3612886999913,489.2744208863539,252514,267.53179983740284
4596,138.47597693039836,1767.8771484888775,929660,1146.9838187869789
4835,4939.225829193356,1771.2055244079054,143180,1633.454153620235
4655,2167.477011992519,1754.099007587413,950349,1326.1186820101573
9246,1952.4169034404242,553.7128016249246,921304,975.2595136865451
8150,3414.2540493306956,957.3547539438774,785192,1291.549987454115
3546,1130.3567449320676,1971.4803466676626,436928,1239.5249313006038
1145,4752.307860553616,1566.8237049889817,921114,1283.4045608398792
6993,3942.407821356983,151.61810032856366,602891,818.7641417111488
1793,492.5844614456846,223.8887233949349,34872,220.44006830663977
3536,2117.0248401353956,981.4696159434322,273872,799.9133518672626
8854,4401.6356224327155,1827.5183911369643,358246,1750.3755809956062
5995,4726.423510342481,1123.533416110157,489535,1277.4383517374545
3454,2363.6374806868553,1045.8437652651514,385193,996.260086102169
325,3086.386376593003,300.4000299175981,808015,568.3101529185633
4993,876.8180331557724,1347.8821989761586,86774,957.3689699389272
7122,4956.284699378034,1661.9960051404285,925767,1719.2878181648732
9251,1196.7749218480449,822.7980142643685,389518,1041.1975005404763
5700,4716.5222819688715,1573.6625167581221,199522,1470.8652672429548
8096,3265.7509125122237,1932.505642411542,221357,1707.8904298159432
9107,3058.2971346503527,487.15627234260927,413672,1135.5703779036662
7783,2587.8081295317174,1094.3262992700083,878550,1237.7368059060575
4742,1191.8155680029056,645.5621203606935,66942,667.4670099140108
7779,923.813758427266,1606.4233961642947,538977,1261.9235176639636
8308,1141.406734897368,1197.4273951741993,951438,1036.6456718407917
7439,972.8693976140598,1305.7065933455772,558564,1151.1995592400312
9535,3908.943144155429,1616.0369032701988,510565,1778.159255413358
2305,1783.1200328753139,852.3438980586643,523552,684.2922845969675
1169,336.32124898881204,1838.671129973382,627256,920.911015909719
3544,4847.058019197016,1112.754847767666,414089,1189.2129067358733
1160,4424.740130568957,400.1141633871612,800482,752.6159020493867
2427,4642.373801816304,1422.2083245207248,591504,1281.1815822008887
3520,4974.793722099855,1607.1965658326833,740804,1443.4622904806727
401,910.7814836364621,701.8471864283007,347184,466.4813273306895
706,2011.397993568161,1728.6405882976305,546932,1117.714450864024
3270,3803.280454735252,1821.6721840549562,63021,1385.8748404624187
799,3495.3020593662714,626.118526017837,693485,698.6101340987044
5188,811.7847363822825,1968.690798158922,461115,1304.6716420215723
9431,4088.373968703558,367.351903292641,43291,1032.4510410542723
290,1160.9808305914703,483.82976996473093,429276,325.9538945719401
1080,1157.8971933719843,450.0271945522496,395754,445.82374935306314
3075,2708.023393322397,1798.5804490149537,954680,1301.1700173998154
6202,2985.0526774664304,1343.1558494174276,304664,1183.4825681646923
1284,2921.426728797165,388.99813812231844,26675,564.3233830396474
3427,502.8598451188866,936.6144948998631,674647,732.9496755954794
3494,4393.431270020383,1269.0662476326238,263318,1211.4086275575564
8419,1364.720210814095,258.5817614798283,93268,659.6624473321253
1916,691.0988603498806,1776.5910999739435,298142,1023.7341700005413
5954,4449.302995351437,1626.8467173389167,709672,1545.8177101330964
6809,4780.474916237279,1059.8928697956126,930616,1413.0925956310255
669,4317.531705463981,1937.540568992424,630698,1434.5774764239923
5542,4057.1045698881467,893.7458606226894,338369,1175.0467545835195
1995,3293.4478041631573,1969.809606169346,832246,1373.880461923651
2833,2776.7439845152394,1369.0479977268915,348235,1088.1462263359203
3963,480.58446156148017,1305.8754191824887,313863,949.9854765397578
7555,2071.8434046999587,415.3143010619915,130887,753.6200910796786
4114,1894.8081592109543,1775.6627407788235,297063,1336.589639355934
1786,1335.7812296136146,912.2304070491688,336299,650.9371119361889
3109,3630.9295627584956,408.2434709867108,334713,709.9286960162841
7906,2504.5848886399153,123.95428795394218,828760,799.5313622084088
254,451.1787687428573,1163.5357989129268,202554,619.8203674724375
1509,1139.906849651566,1102.0592820330849,812050,755.8581161192308
884,3432.130880115,1466.7718825014013,559963,1157.2204803882876
8196,426.8477544769859,1791.4903007338241,496010,1364.5154582982111
7660,4263.474224541405,250.8725108217561,806351,955.5998553094973
7443,2500.975308719173,1489.8433316466885,791605,1372.258259496175
7306,2428.9035577669074,456.0826937854062,372513,774.8448722185777
5696,2982.4185340646122,1730.5364009986115,813832,1473.862840410755
5901,4132.170781329489,1656.2206763371466,182517,1501.5791634509396
2906,1771.6555791158555,1127.5081344725343,71305,925.7210360180114
637,3406.179955167365,1449.461317384292,693924,1172.7409654063667
6086,2850.3732217791658,697.2652150491219,440030,852.0923666316268
1941,1371.7899373386356,995.2190079723478,473963,805.2685190913927
8816,4399.218432458032,1661.1101056498962,614079,1696.864796477399
7071,3997.258806954294,972.6038746291064,160034,1234.630696900759
5725,3309.336581559206,779.8167041183394,479108,966.2637175894708
3050,4260.379559016497,1039.0036497755698,595821,1113.4213772427486
8092,4343.106294751022,1673.6735796307148,188256,1680.9707234493299
4880,3556.3967347394223,736.8952900046581,477128,1026.704739740914
2468,4193.215975400177,430.1470269579132,891023,729.6356771874614
6755,3502.483735262954,1452.8266386284834,666938,1504.1211929374324
8273,3416.696820213487,1669.3586041453555,656348,1629.7981684094711
4595,3112.1263221651625,291.2112091947133,674984,697.8665256526434
9263,3775.9473658103243,555.7608142362949,826626,1117.8521855044055
6102,835.0952712007148,369.7467805458884,373047,561.8849150363232
6714,4410.310258034696,761.0886820061166,394605,1149.1542280862027
9458,4365.625462338899,955.6668599202841,362447,1399.3405440408055
6019,194.77405102106778,1522.7700402302823,243188,1073.7943071825614
953,4137.792915295575,1337.1804112751809,377047,1101.7634943417736
4246,687.9058439935537,1279.7642782090193,854823,938.2439182457001
3869,1708.8383285827524,769.5123985583434,238501,709.6606362011776
674,3730.3658686434583,1698.750350861044,932298,1281.558087344955
1248,845.7614854391256,995.4456180565127,321146,636.7570657981317
6393,4098.936769389358,1960.2993822287935,298675,1747.5166635149249
6557,4169.064180890822,1304.8700627619,709175,1453.736910004806
7609,2561.9652821161394,339.9030089725552,530274,861.3348007151285
4877,81.61006499832622,1384.7373679433247,819730,968.4822432741263
3954,1470.8387592158183,717.6976293202281,264625,728.0205016200382
2591,3103.788245959924,1404.021673703585,843840,1134.2405101418633
3224,4906.871581235746,232.31818150857092,201339,803.9416233020274
5791,3177.4769587325086,432.27473063432285,647238,869.4325092234985
3151,1336.0277262675909,1725.900791920994,935339,1085.0901009110296
104,3188.328230343076,531.6411583446783,126355,610.0343119870099
5322,2722.9276295934847,1690.3781379615862,28798,1452.2763023255848
5415,3910.2347059981607,630.6245680633798,616937,965.4406099012667
4969,579.5541621934441,1321.4756291115445,328031,941.6961919684228
976,3817.0881173850385,1418.886089668679,20477,1119.1634535185274
9283,2729.269564446746,1074.0440309756004,411482,1202.9699922910186
7127,4816.810419102024,680.0902857237894,218400,1186.5593824945427
4242,1742.267221891496,504.0243151050826,218060,642.0177517465536
7066,3181.478371013043,163.0597736686098,390959,766.7386555794742
7179,4663.539122274587,677.4981623573752,962030,1194.4721244670366
8087,557.4231535538623,1341.0093020094378,512181,1095.8191062510314
6899,4689.281011820433,1882.7791550521172,508831,1774.015948659204
4565,3455.034325389026,1755.2885162997989,914858,1482.7062036845884
735,385.7934425706009,1555.523075417075,406105,832.7323454247461
1793,1539.7696563867405,1598.0499521812676,287479,1066.5326316419066
9974,3555.451838794144,1363.471316604391,929758,1549.313753500947
4852,383.3854772704199,594.5450293754056,349754,550.1491139425758
8411,2931.7437778725525,1823.6705583410767,274586,1642.4449517819774
930,1762.121131917136,1374.3913926210846,833721,903.7094823345949
5277,3123.5318129490115,1164.837198862836,841179,1201.8868344270386
9661,276.4230673719386,310.87999150561404,824759,662.421573486549
9032,4364.107190454262,949.4055332322083,934703,1307.5722365732775
8408,4868.770397428115,974.68071528366,335971,1411.3264566610242
6049,4845.945383664173,1742.6708580930729,631752,1676.1676498045254
2938,3760.7765671274774,1138.631618356798,132184,1039.5584502512638
1250,693.9268886466283,822.7610430437783,88051,581.6805261583172
7660,3803.4028198486617,1955.9206241702527,151653,1777.7281658767665
2031,171.70523647106748,310.3691273199998,246300,232.86907768336127
9304,159.5115800685364,902.8420137926947,585010,905.4409498502055
1764,1651.8705847902293,179.84688282567004,93036,337.14047924038164
1181,2468.7837925030954,1505.8178294571676,753922,1028.4339074270115
612,3863.5167181485763,1844.3454491783862,148595,1372.6302056496345
7905,3432.3121142022005,632.0709261459299,854392,1070.5091919595454
5337,2257.218396564904,1730.8491859183296,773997,1311.0585453212436
659,1404.4519980942462,655.2146378776058,282696,462.70593310576305
3772,4985.76627578067,1830.4633071234389,517612,1666.9703599981067
7504,2159.597446068066,1532.5276168338894,142880,1435.630471919522
3443,2284.3657704318935,1629.3228759987335,236419,1244.5486538451814
4170,859.9379148987624,134.21245564086354,991029,360.94654655279226
9762,3984.30726631215,1929.3396784406493,155692,1830.759340231211
680,3483.727017618369,1480.6748849336143,264031,1152.8354251441942
7104,1142.809583304364,679.0270812336533,294946,815.7399856602375
8230,457.78617579842137,1675.8498632318092,610312,1220.803096825028
3247,3418.4715452698297,634.890276988367,489765,878.133342147908
4349,3289.8305106916196,1758.232295175643,771097,1500.5503320251273
1779,1402.6346586411362,313.9027417826803,643927,429.4667334026137
3606,4756.774633139531,1437.0033571755118,905680,1328.955382170299
7353,797.7365643154561,1127.3271056253295,607226,985.3181467580434
2844,2190.0572651608795,283.41549337133756,218813,412.2156101338712
9535,4720.898804829614,559.598273691794,777388,1316.2153218986361
5288,2127.6502187843053,123.56766892689811,385890,524.9708281789282
2241,3210.7034409372236,990.6591343825611,813481,1053.2491873674921
6717,2018.0922699158316,672.4039954440007,340933,975.0320562589724
2579,1407.3652516259167,1236.8792201657418,609814,849.0529544270155
6584,4920.68935740115,664.7518346463727,402062,1122.2520860931506
9927,2076.203331259463,669.8463118632709,484779,1067.0507961749377
7521,4475.791058211716,1512.0670775900464,498952,1496.9250594228815
4552,1188.2752991608766,191.47138835887154,571508,425.9653482265954
5981,1104.8682849241623,1815.5004908647757,833595,1298.7150738644677
6765,204.11371027833124,1719.3013613432447,397981,1314.8501587967908
2949,3275.750785610631,1368.8288981301723,380270,1171.2931219013722
7490,1874.2054014326177,1227.1209832040302,868918,1169.931862868417
7005,4328.573336706203,1795.3747464653393,963774,1658.8582102690248
2589,2392.389038123208,452.12734110455744,76277,640.2178242308394
9923,4842.557468177873,250.04140816257436,520570,1085.7966097025542
9307,968.3513027304497,555.0693228281224,484455,842.0501929689813
9640,4349.684681380273,1609.6987295303616,891677,1698.7784267796098
4711,3894.1544213191214,165.8735067803183,123332,633.2586589213017
2939,3866.0631309880573,1207.3329866586303,235231,1089.7733600429876
8627,4231.676979178594,1991.3312807634888,548219,1830.566942931369
5978,3817.0687551678443,1725.8225782913248,90116,1531.2565831492655
9187,3149.790592075506,1090.74680918282,252671,1311.2579775027855
6403,699.6621445278184,220.91772764462047,843065,504.559743249154
951,211.004588481697,1679.6096773328486,474918,888.7700960070435
1787,4608.19684668765,1238.0591655367,577201,1242.4275948455352
6933,3102.4190568776535,318.372694413177,775504,871.2324988872031
2527,3992.859590332073,278.3288411643768,620064,664.2455562558539
9860,2433.535639987123,1828.2909569295255,26991,1663.4818664505249
4100,630.6755353638526,1371.480499582349,515265,940.356041254912
5152,669.6696714026247,1675.6449187018354,711205,1027.3272118885911
2838,3443.548171783408,1770.0599105363078,629380,1378.603223092796
5832,2180.01417975234,1186.3674688918122,230577,1120.3716404837007
5487,1042.5973971666667,1083.1480683345785,711672,846.6674059819445
8102,2483.3930063701127,917.8120796098814,404777,1141.363663901682
5636,367.83423852191373,702.1985168031266,935405,665.0078983565143
4013,2930.758439476274,925.7323256315524,762401,981.1127027951367
1166,1381.5173519537334,1570.3713458872971,96556,970.0830357705175
7823,3997.9175481540815,1243.65451892875,850307,1483.8198079911258
4480,1586.29169667169,1795.7942509142076,157989,1293.4176261534772
4207,2303.339737954916,942.4220273204567,325264,965.2684503893204
5826,107.52167254509814,1253.4701995656326,396204,986.9856141460733
3473,408.61209458306644,1299.4843508747786,507961,813.3552085912754
9045,1992.8431042130899,1224.2246083820185,897473,1235.6705011112608
2182,2425.6972318497615,1435.004168862481,653755,1098.2898917525295
9067,3020.1017131905533,551.1235899121319,521616,1017.8612620872127
6848,1493.729764611051,1073.4911773370022,408472,1020.6729466667915
9917,3490.1603363263857,298.02712533586055,381634,1062.0241774090994
517,4307.605866086563,830.5715225251438,744088,863.8189089616247
8406,3910.2623950220814,1026.5674303804024,651443,1282.6779172799802
8908,246.11318547436787,1339.2260931363976,291374,1100.8481050338557
4074,2428.5093889262535,1906.0089999137867,499682,1513.670083909154
3367,569.4043831699656,1241.2370264418762,60778,837.6057575186728
925,1248.122828519511,1512.8284407354636,46833,859.7324454587874
7768,4933.979836672375,1061.9055130408851,810057,1332.3783804218504
5845,755.3529373624905,1304.7976596150295,557376,994.5260514100582
9808,2519.4963595842123,234.77121065416952,736010,857.2692353141367
512,3109.8708848746896,583.3440035995093,959671,685.3144856086074
7643,3527.201604193315,787.5208770897635,367081,1174.9186672873018
7687,2820.2609832602247,997.7373745123758,465507,1169.5825345285687
828,98.36569472495911,186.73261645452908,197375,123.868198391781
7264,1665.9834758077598,366.0457853513036,77361,730.5749429275124
8967,2612.6726347543217,625.947184803481,351373,938.6672820703533
6088,484.9391707669251,1945.9121127119963,136189,1426.2659081291513
2604,1785.6033094854447,729.5593134957965,615553,712.4007974892733
3067,214.3553885172645,1015.8780104129568,523154,731.3055950446185
2886,438.96356091735265,472.58565420294656,623006,377.011574099378
1222,2014.7702171979006,1260.4821350439597,323854,960.1890613065998
4179,706.9429825131488,633.2981094803512,620164,579.4941349401759
1671,2859.3271988947126,493.2858990330109,985558,578.3533432650486
5173,3462.8515972294654,1081.4879940473602,31949,1144.0400282163157
5204,4012.90416058996,110.46101840479956,941051,723.0036809619771
2243,1040.74370901181,114.56166203352812,738242,226.96076829234528
9979,879.0387821823953,516.2307372935297,855568,808.7780591879362
6906,567.6108096552813,169.77058875156018,112541,439.4101965749057
7457,3200.329735241002,305.24893284831364,720979,804.5314765554158
3540,3547.0548461101607,743.835233743628,62842,884.8466261278502
3866,206.3514168869281,1624.9127912016445,489019,961.8324704808923
5744,4684.250618906264,1186.8924224016716,233930,1316.8418482207658
3014,307.25785407478844,1074.0686793171913,290134,773.618192485288
5068,2729.4168597402986,657.6287640954312,672553,903.0470706269548
6017,3559.8495712820363,1870.332066922351,293253,1542.4395585447414
8887,4361.297162543124,854.3285783506642,131356,1356.8678112943562
828,3584.7303140555177,265.47625691196583,937737,443.6665664047324
1465,4018.5540111954697,1272.4263806238225,769917,1240.4749775320659
4592,1730.27845308689,316.2929476055427,738090,633.17087871824
798,4083.3843130452356,755.9239713232149,915565,807.3694713591258
7286,446.568489604142,1064.0826835638368,690870,967.028218829088
495,4479.342447499612,1761.022796901834,788738,1291.0370567954217
7500,2760.5822619609944,1037.7385026462255,4849,1172.9981070155027
8182,4095.623961314344,1434.291655460162,13360,1526.758672236392
4271,2288.9755083655855,1986.3519940982337,374216,1397.6275384160556
4460,3235.7095912227987,349.8293278061651,778567,705.8434187090695
2602,2655.6931716337604,621.9898984870871,620055,684.5154426164482
817,3671.3681326888927,849.6945436355281,262445,778.8716991207717
2882,454.0684110514184,901.4735392237797,702160,604.3578484221985
5046,348.7428157532908,880.940043004537,522658,660.7786617776119
5586,1273.1610083502248,1824.4609048574544,431179,1366.0248815417806
8435,839.7461665602823,1456.6620244870273,55330,1188.0032915767285
5080,4365.328654631398,1255.0199067723372,52707,1257.4688452708008
7366,1135.1092374223194,687.8081639392859,281833,870.6085697026747
4591,4880.5330163047,1665.20173002046,554372,1574.2289043576664
7292,1717.634169266979,1914.614971821479,41387,1534.3098256348856
5688,951.4836826590614,1660.2767368454304,862248,1264.113377898454
7751,3959.007610355272,102.97369986379852,527930,937.0896558143477
3736,3310.6034887293367,1309.1626033484733,829569,1172.9353522125111
1267,2516.068796443038,197.15722473999136,474048,345.39558806452413
1162,2799.0495771412748,589.4537186340715,187633,648.1600370692696
2256,3610.048802447706,213.0969306607662,849692,555.4000344311629
7960,1180.8509695899288,1247.2113606038367,671798,1098.533493095134
5261,4981.8528844808725,1404.5208356359528,835874,1476.8507048769256
5405,4875.226152626577,317.52651232521976,890493,968.728438075747
6641,3269.1121474173374,829.2938777854611,397210,1035.78051155465
4829,1037.7351320992684,966.8493670155299,779799,900.1655910842777
9448,3417.129800034892,801.2007413457416,388988,1169.122532726219
7430,407.38212444692044,329.9475009218668,362719,568.6439918393523
5434,201.72988591874002,896.0008013562033,789245,767.081233359019
9024,1325.5302981305076,1527.2382908359943,880459,1336.781804796845
4430,2339.983635859616,234.91456261318538,910921,493.26473794562736
8110,4347.948901771483,252.34202675561656,85381,1013.6900881443969
6901,3649.4868953432247,774.06545448837,775168,1073.6098797607062
4946,3726.397279939906,1889.2788520759575,842708,1610.251156501654
6831,2156.192005517973,1370.2880287735368,828675,1187.3927581871824
7341,1762.3782131074665,1389.472917677873,194984,1185.3022910448628
1053,1886.6418767737835,787.6479825919434,61272,678.8725694511179
2639,4938.865340493487,1227.955503296223,496916,1261.8088503345616
7156,248.54049749178827,119.24924965271242,698411,427.33349904130125
1642,4341.805905806121,1308.5824881781302,997358,1198.296994578219
5393,2914.4432724333474,1835.24520039485,739096,1438.4059306635418
1291,2221.1463249884728,1263.8895898551564,254091,926.663293300871
6413,3640.025419054926,1760.0273275860557,853050,1579.6244018680238
7038,2459.011260052279,1475.5488053855781,265064,1319.5370884384656
2781,4373.445028504219,329.0609911670115,107121,700.2319231543897
9509,4508.474226855729,1814.6612838430992,471435,1841.8548435178623
1640,2137.5185880236045,226.24330427597226,602160,412.14605377530165
6272,1420.2975963135052,1114.5381978407513,868564,998.2933946057458
5641,2982.134126537143,370.06053520756956,265237,716.2553267484616
9680,4566.198560802621,122.24256038871772,276049,1005.1254787413943
1465,1092.7778355780495,901.8650942425141,647047,616.7646824372317
8791,3133.68458863924,660.5773445428969,418567,1035.659920113526
9972,3176.2230894579766,1023.4009382154458,294125,1333.0405185914262
8802,3678.909460955641,1196.6797847956466,861335,1495.359462096157
7594,701.2600413799361,183.10423738699998,858253,531.6192695361398
4412,3593.3335751763384,333.7062607351167,372344,825.3987549472934
1424,4549.7109772949225,1161.4205532558083,83289,1213.4308500939012
9447,939.4313889076977,752.0179710280506,641794,901.0491192859114
3241,1225.8394583731942,1485.4296263439512,603801,1033.8389794192433
7519,4858.405715506116,1339.3541323246855,414090,1640.79513360377
3586,945.8359159119743,1706.648289680823,707291,1128.2266483611568
1910,4279.206212179417,1415.736370671528,401890,1237.1483138419758
6688,2486.775389417772,916.8690470412814,313660,961.1483887436733
3023,1273.7938182957264,1378.6365825494215,260480,943.8693780883
5401,4360.212011298931,623.2242310852952,787331,1053.3360609059876
4286,2254.261012263194,681.9956476786041,717046,909.358517213184
9005,2598.3459019519664,1599.0718038495072,489067,1504.7108204463655
6077,1828.2051785288402,948.1970811630061,332356,880.9613023218193
4368,2985.106714602891,1616.9226469848697,134498,1256.4545154140587
4848,859.4431692958627,1662.602509969729,255024,1160.406327617536
4949,1985.8536064262155,1729.3684415564392,656258,1376.1425013234536
9535,4848.5909955596735,1841.606948098294,91009,1915.190347748884
3809,1327.7604918705813,918.8719189752628,724858,812.9233818501958
9373,3300.8464894793965,705.8469548101638,424159,1221.3569356989015
6719,1659.6908179122397,1206.1776185288163,722755,1076.2239866796847
8747,3878.6919721486734,805.2276045314924,45816,1229.2458954784918
9186,697.8246205558316,1242.0409169204427,5138,1124.135194505685
9676,4850.614173138796,1440.6131390232667,92176,1676.5169600529093
3172,2296.2582298490142,1407.9695351350601,339089,1045.2880128361571
6630,1218.4497935649965,811.6504853382305,791449,849.8859084539251
604,413.80889928356265,417.03438322763037,797883,286.69113322990154
1314,890.3016301833267,918.0057430781943,719316,602.3526195643524
1631,2622.8810453522874,370.9288737556266,357007,524.8195362623519
7676,1718.1657233348672,1791.1843668492359,797710,1479.437882929964
923,4152.972661118917,757.1671754019291,222552,904.1911622660763
1028,2182.893242125939,393.47351972431517,44764,532.4315174803814
5129,1281.135649308768,148.35074382092665,124030,498.0503252111897
233,3104.867683689949,1327.06253394432,919638,931.865341419239
2205,3548.5472235829566,1310.1144031640122,850375,1110.645174661809
3727,876.8574441097018,747.1479165044542,620955,640.1050011275673
6416,879.7151206271724,236.2525888105369,317462,497.21493492855745
1952,231.5235633210377,878.2949003009409,890855,585.9259154340544
5010,3695.1899745749206,691.3132406204478,367142,889.6306131036431
4275,3335.8324117279353,1386.5292154965177,61128,1325.887452397467
5448,2399.4228349615787,1250.9805739601118,220128,1199.7948840522995
9542,4228.643722397525,792.728083575326,809301,1328.3315371225035
6290,4038.067257102763,513.9958530844813,234540,974.5445857565078
1356,2947.504103763923,1977.2683356956245,6039,1412.6869329778324
3476,4347.94283854063,962.6030802726183,153353,1125.8996008293852
5745,1068.913989682003,1407.7210479824505,113935,1154.47316217033
3586,604.002116018753,367.0506383988855,535730,425.6302266883261
3684,1385.2605770090986,1022.6204293528558,861220,932.1141266705462
9688,332.5799376421085,152.31976775198441,907161,661.2338814246959
8153,2679.2891636051086,1060.3647240298549,290730,1234.1453931472352
3430,4686.198176860059,1931.6330735236345,54053,1669.275530469381
2803,244.75052630912276,829.9927546730204,182561,560.4889428757239
8762,654.4440743496326,174.09242389233202,739464,539.6102414137779
8220,2288.3851900030045,158.8160027467527,87346,736.1975060260506
7214,4672.681336763129,837.174843899052,330231,1247.0033433351657
1453,1614.972719634915,404.0473792800687,406841,430.35350448964437
5163,2560.8123030075426,144.36898302355323,559685,652.8281737800011
8649,255.78565229944087,1536.8058665053359,321815,1238.0066091431436
7675,784.2988447623399,971.1937168755923,117214,962.1273365908044
767,4933.819108646292,649.5650667480436,486001,845.0218263009461
4568,4827.337547358426,1810.1580477313134,854329,1668.8122255654757
9437,74.4529056253276,320.6640243809986,682509,681.5461818184282
6919,4761.468337845033,1916.2457750151066,978534,1833.6880451367713
3819,3213.6436921867266,696.5367630169703,988410,845.603652395349
2845,4346.19555787411,1787.9669773864944,399499,1540.0524574830079
7583,2300.9622853876026,1245.591465310977,401826,1327.9986423825676
639,2602.2003414672886,1670.7439835088262,437542,1174.0193657673774
5064,2469.790572271755,1969.625010099882,278068,1447.3078279149022
4935,3350.9780748532166,647.9703318556169,638431,872.1071692013202
3875,741.2737110437489,1926.1574222744266,373397,1215.921204461934
6142,198.36926986975587,840.0156003145987,994666,728.6725264433489
7202,1574.253210876395,832.4726190001523,363441,933.8414093033524
7412,3538.169775546401,746.7354980835609,788301,1137.289859914813
5420,1049.1745880085944,1128.674453960412,884520,963.5975078185578
6232,3383.4905449583407,392.8755820391255,788446,864.3857583347113
7991,4851.064628230989,1152.0518221802213,535391,1453.9761464232024
2879,514.808543157621,1129.2391435790075,476738,761.1255097470383
1024,3379.380485214375,1547.613443949253,897749,1211.751035872514
1681,2246.563585557627,1683.9349276814125,427674,1054.3526610214783
7814,4347.3041591686515,936.8385655936057,83409,1294.1142682897316
3424,926.8914577645603,674.4331737678381,24248,615.7475924067413
5813,3478.498463519514,592.7363049024796,483376,978.8809122305559
7126,4198.670683758146,469.78528973925665,699876,967.5561762812516
355,4725.840386396415,209.53040617814727,947565,551.4294076060592
4904,3432.077740033747,750.6511597859553,680530,999.736403640259
1938,2511.015081841715,613.4706150484882,9024,559.6044436955698
109,3108.3438389960083,1936.193033146174,476430,1355.7546560107273
2971,4351.0796731696555,1159.6467698750835,235864,1177.1695918291477
9089,2874.518245862207,759.8263741579643,873379,1208.484862307375
7509,200.41594549934246,1202.8884418880223,175875,944.3409466654698
7518,4658.19604275954,364.47373255682146,937800,1011.5164971184528
5224,3463.1574176062277,943.6831234841856,354973,962.5136171563713
1115,3398.74125959737,1289.8452107000212,880140,1009.5636431599839
2293,1117.5920043687,1028.9058804056576,874096,740.4107566036049
8515,3311.4830776516533,863.3797212432161,412473,1094.5775193863515
7549,1999.6288079880844,1988.3119389094265,144927,1553.286779643602
4258,3273.603236355386,1772.5980480829612,86178,1328.0541188340069
4025,577.6355000245541,1284.4713205029361,888553,897.2617310083523
7070,3306.3342577850285,1181.8169862463374,517540,1337.5729152570834
7038,4997.097942564799,1279.2549116667096,807457,1497.5628325841287
4884,288.6495923597523,482.4930048626232,398674,601.208570297877
4100,4887.0122118955205,850.7617122022053,64610,1159.0428054603851
1733,2064.1944055782096,174.9731124927087,596131,453.92469923452387
7366,4360.229579169433,1003.5374712249707,632525,1274.1696814855145
8802,3922.8081460884537,1131.74670951956,478177,1363.5788579489952
484,2856.7304918840055,532.7244985960982,706191,600.577879305718
504,3705.3235857940663,1931.654809614476,699787,1289.6725288050015
8275,4398.652028441672,1827.96376078076,488025,1796.0345207226517
2100,2050.494592172613,1472.072147366221,655587,1036.4454120730252
9960,1668.8141497380316,1113.434594654189,432722,1292.4257741782303
6089,3354.587258539744,1752.9414033306014,6668,1550.4217202232453
1560,4048.83741260923,348.23945326457954,223542,714.074209410219
7290,3823.311417144248,1601.9686091222816,179267,1511.8978122058134
7240,3999.1775618502406,337.1595465370118,860665,991.5146928916163
3736,2206.1374083240185,1609.0002588438704,156489,1285.7143849725514
4909,4098.279370066357,623.9583796775783,345126,968.7726956764079
4278,645.0348240845118,1766.472103934559,631421,1130.9862134074065
7345,2745.221034906205,1893.6799782682558,798183,1560.504562563028
6700,78.50536946570178,382.7123418697197,309362,599.2509774822282
6097,1656.699858006338,979.0836496242476,914081,1103.419907733923
2148,1863.9845976134195,1963.8760185091016,794784,1234.6020555071318
4880,2011.0548234658143,1018.4741283489785,735412,908.7706640189427
816,3492.5626731148177,1740.7402927776357,89835,1307.3954727340235
8039,1973.3626012882114,1218.5898920495076,622781,1177.1133396852426
5665,2271.0334319815265,813.1268250472435,816359,975.9981149331879
4644,1225.843447827921,642.9887554991534,697454,706.5205712087012
5076,1897.5963685652334,486.12387306356584,102948,686.4521882634081
3519,1174.9846549525998,1547.4165636176247,186194,1091.0822640301567
7339,412.319822653796,834.426962963753,554781,849.9531922049259
9866,3037.0705372378206,1071.4233781814273,467755,1328.415967925187
349,3357.6533528473306,1035.4184120022455,294851,786.0549997039312
8965,3116.4772127475917,1196.8301555429493,725174,1374.4970754756857
870,2344.2955168128333,1744.5965766866493,139368,1230.2745383278161
4463,1929.9396118871875,1963.404752808516,157470,1318.9826044327506
1177,4323.501565380535,874.4099962902521,298986,883.1057636762324
8527,2619.454836424279,1672.2859520019758,14261,1545.9224183817164
8680,2421.9502942671684,1552.6028098439635,77709,1455.2031174853128
8001,176.92822574185664,1189.7050077655892,621273,1039.3671644361948
4958,1739.176746749474,1916.489572862673,369760,1348.7941507149008
6644,1931.9683129899925,480.9015795039653,975208,833.7226153805974
4819,2024.1727654396575,307.6019995882807,854605,608.0593546226168
2914,2921.853227675295,1722.527737215302,294925,1336.9477174923334
3474,2691.332606298048,934.3846516041218,276796,928.8074169804206
1352,3059.130209327551,1709.240822993415,268247,1239.5906508275123
7096,3836.172144633535,1796.8713898712883,288644,1671.0810322504042
4773,4074.2794066446627,218.66942787623572,771692,772.4539723009316
4630,3604.7092273211474,1778.5830496735152,625624,1428.0087361640967
6981,4779.8422949769265,951.8062052019021,429745,1361.602623384442
7049,140.25128424799007,1069.8217291080412,638787,948.6802272912288
9621,1019.1010291335532,1290.5257710770995,674812,1129.6285888840146
6341,87.43623114180349,1860.1269527871648,836825,1231.5153352639788
8117,3254.999835065285,136.32057941655165,425390,855.8821963394448
7041,4495.251217302435,1006.0025898038525,458666,1217.816649308278
9650,1255.2373680526814,1406.6718806180652,691796,1365.4559812093378
7102,4638.820996741718,1473.1432196266342,310550,1551.5980827047763
1431,348.32358193332624,1415.811619920505,326203,884.5643266702847
4361,4675.458332687296,355.4267458754315,672314,869.9750067526724
7748,1790.5323018361903,668.8516179061943,345866,868.2342994869349
9650,552.0331008236217,781.5594982923255,776107,951.648412266482
5215,2455.065207972312,1628.4306945910596,537644,1324.3290336172618
4737,1321.0440102165144,629.6437575876507,653416,649.7678831084429
4954,1460.120864711518,500.339431347686,3187,754.8308462955641
3277,1571.0853263851186,1919.1512361723828,864675,1240.6259916454876
7830,4024.978194271684,116.8402417155909,822530,748.4954715319742
2280,2718.8483195425097,1995.8596257957586,486687,1467.7664632582048
4992,1590.9731108222181,1385.9604678290516,677585,1079.2752213809513
7143,3071.152227389046,1674.0916689533224,659966,1493.072054167281
237,3594.945837404808,659.776853057767,845052,691.7882270379125
6427,1399.4888036309922,127.19902756741396,427044,500.68626243888986
3572,2097.06805255049,1501.952085266907,127270,1102.2459243253302
5549,653.3361620178904,1684.874734301284,944993,1144.8300482275827
2932,946.6892801966676,1506.9046507116864,801819,1005.9774314607382
3679,3421.533377126665,371.41554587159334,332607,695.0378027646814
6071,948.1198210933534,1531.5130522882412,990336,1210.5399777701532
4264,2649.5587491519477,1560.9532860045178,768286,1290.4500804982613
8041,3559.778995526042,1351.2269797731044,921095,1396.476729762886
5669,579.040769318982,1555.6202723116137,766791,1132.2581868913228
4400,2858.1954871630724,1707.250735387691,967020,1348.223200204085
6369,1319.9857793217507,1265.847817051171,354827,1037.3377343260775
3918,4816.48803242602,268.3489565423902,587349,852.0683500395537
2006,2443.550951263627,1026.4928383677006,760785,859.4431003447949
6354,4039.663121387033,247.53373587604963,985240,834.9080790682042
860,2773.6213836734955,874.3317589616186,82257,715.572226026995
7930,264.89203763135487,873.5023293386926,62753,808.9710603788149
7450,3184.0993091904106,225.418703866459,872206,911.7797440479978
6338,4759.4465439229525,762.7590145420107,405303,1194.9831241448005
6190,3027.9785097243393,310.8963877034982,425032,717.4399129640423
6131,4104.984854162612,1635.6468990175222,24408,1549.5093098411628
7787,4426.821993574618,1900.6072493324946,125116,1836.687792863486
9191,1178.9948711472157,237.40130299008337,656496,711.0909792362654
8572,1099.621957545722,1914.7188938542326,18413,1564.8068397883449
1987,3074.355894812409,1092.895538739816,638938,882.4820817476506
3366,2084.5909255431884,669.1747881123604,60500,612.3853842414885
766,4207.313449190266,246.03794302471067,871946,603.7956475240696
4288,4505.114460820155,1051.1861093337939,57358,1204.9028879176067
771,1799.4358275484547,1609.5795345324225,67197,856.9803111083447
6877,1222.5092669236863,1443.4643068067264,494992,1161.604195535631
7670,3913.601300457116,195.42942178155016,749149,829.633215217314
8056,1410.2898759632737,238.51348719901668,224492,595.7333391606778
5224,4121.940876642708,865.4592370020105,786833,1063.4399479347853
5685,2147.504355561376,661.0519386910922,427070,863.5864949816518
4877,3354.372001492779,541.5302138064909,77240,799.954455988038
4000,522.8998034816075,633.9085479265558,236595,522.4540975823465
6777,3138.1036571490363,1626.6172122640808,523710,1390.2658064040602
7081,2286.2500097492843,1865.5333019005225,746423,1586.3513640509811
6476,2953.711892718597,869.6951196023762,279466,1078.5450273465794
623,881.6703283370739,1821.6109040517445,900485,914.5095247144345
2493,3697.5250374737016,710.8418323709757,7968,800.7910959716987
2693,4320.845533838981,1005.2302740532041,290662,1098.6822046302466
7340,1122.8620104493396,529.4550958503994,839357,816.4769464192755
7037,523.7870498248005,1316.9044801341036,191920,1106.6420830178647
6290,167.01100092936517,1960.064118832137,899332,1302.4423339961106
5340,3227.7589271941665,1246.6368824824194,880854,1125.3340309209746
6593,3055.115478639465,779.8467598157429,264844,1071.2458174673834
2978,2756.152192934647,1330.853147382004,881214,1083.9090904184416
4243,1198.1381257740784,333.54928908423636,233076,504.51231785027954
3744,1984.9846797322975,1788.4522525042573,24199,1271.2955623149335
4532,2992.6578591715565,1055.859506481689,438805,990.4071141791869
1376,2508.9959513528884,953.76450987532,164187,816.4362306840983
5911,4939.538325063692,1213.1430980616865,456150,1411.9598330928848
402,725.376775155829,1287.0893392998646,510551,719.9984150197753
738,3490.965542535589,236.37403183037475,514942,532.8882801618706
155,2051.3779021162463,1396.9727203244645,710676,849.7809330026915
8817,2169.588093881793,559.6701925995062,6520,924.258966893777
8250,3602.1089400079723,1456.5100017625207,635102,1508.623288528847
2225,3477.55894905563,1662.8161093299739,168527,1205.3528379637967
464,4956.717168825832,1627.5211643497885,771644,1337.493908515675
6909,685.55173279792,1149.7518380749893,648652,1032.0498696513516
4721,565.3427644516233,1088.3227953904272,960109,831.1852179382325
5226,3635.4771447872686,371.4643265448823,540243,814.2765626254507
5222,2913.015239181725,1573.1576857659577,176121,1368.8587787628596
1746,1407.095299471039,615.6778228487573,670277,523.1612059281689
1018,443.1258764954837,1043.7213033540984,988797,612.0713393493832
2897,474.00833550233114,640.1207765622818,472797,458.20401610475074
6606,4476.2448295873855,354.27388969941694,251144,956.8260289424087
5970,999.7432573577773,1296.1596240942995,65925,1030.4709636026885
1631,1650.6892324718278,203.23086616351728,370360,376.89244608160755
8272,1171.9491910235906,1522.42594483978,595557,1326.1364592314112
3445,1807.2317138680896,703.4149109961216,949458,753.7356588355138
7773,393.6480215931622,100.25591670852211,991121,462.6409529688208
7049,2619.345964995938,1071.1453645507368,304602,1044.1742444937565
6982,384.68218978146376,189.01862620244594,352181,522.6813294026082
2006,4011.7647137206895,624.722159859709,677473,842.1683295067938
3186,1206.8748054566436,1443.2553261658607,100977,970.8603333942903
8252,2723.058977292327,219.11028108154514,506838,827.2764282483722
5850,4406.391483429218,1694.7431354764044,520163,1513.282855955312
9005,3271.842976783611,107.2578530513079,484442,887.4196548475288
1162,2688.1410434291097,568.9653514836143,831371,603.0292624950156
2076,1655.4520779211093,1507.7177066889358,30345,982.061130486334
1396,1698.3594696380796,700.9132844856829,780976,566.8172713947049
6329,3363.960428231041,293.5955373254257,964817,797.7177321858065
7741,4970.989838044779,784.444445720813,373251,1279.5031129999113
225,3326.103989754424,613.7472441305985,909298,662.241015060712
4732,2811.027915981623,1701.1526141050542,787086,1354.669586452783
6388,3666.720025684268,695.3610434117719,494814,1048.7126429473867
3696,2352.767780804405,1598.9716963744138,332310,1223.2996899843192
6268,347.70459587388683,1794.557075140396,704221,1220.1125573788668
9895,2833.3692385956533,924.2530971954061,98406,1201.2880012362052
7661,4790.245158301632,1828.891973323345,312442,1810.0631996365776
8358,917.7495646704152,816.9043025300664,965725,954.0006595319701
332,3465.5242095622953,1931.7489913312056,308086,1334.9645943798955
9461,1044.6217588623294,269.65009659858856,528741,763.8344074850373
6471,2702.3470381417524,1405.3366063561612,628099,1204.6676141838739
4306,528.5484257512621,1038.2466768681645,580223,764.8606789338734
9785,2279.3361344780164,836.5327303657294,385583,1081.4899530139342
8043,3793.0084780314683,1302.1525696223416,699730,1552.3380458712102
6991,1770.4790449829613,1437.3284741052294,795760,1288.88073257071
6838,3341.313036211729,108.29021233558727,16534,726.3886506060529
2572,3987.4773059091594,417.21086861967757,872712,783.9298138430626
2839,4639.530206423291,1454.7874962052056,561608,1394.7266319326875
5501,1211.478305184495,1366.1322857985922,574458,1140.2901379939492
1861,2026.6137832560753,1935.4902597444866,101546,1310.5571424528684
976,804.4592659855663,1545.9718014764876,605489,895.1597011726974
3912,4962.793335683958,1906.4681446895422,759761,1627.6427449389694
9604,4638.654791225262,1434.8269529161332,271784,1616.0873365815585
1560,2722.78779488877,666.299196414942,232324,710.8739810327984
1833,4218.064807163285,300.1933522766273,485273,660.4591000882032
1705,2628.741987496609,1585.4653403553775,686409,1126.79740740149
5722,3136.7491556136606,1323.8835208042403,399834,1242.1819478770963
6867,491.16593897428226,191.55342354726284,234612,563.099057202794
7086,3788.5885814591993,784.0958852118588,712413,1179.964951393933
3617,682.1817439944124,1917.9196494201437,920424,1308.7519319159214
3835,4139.034769750016,1050.7621768493823,307081,1160.5561903942983
9452,3921.03903396841,922.1853584374388,726084,1335.9051446283054
8534,3558.286253827733,969.6292498026586,144279,1267.5159177468565
2690,228.99388359757248,496.87717560981105,197846,356.8013588015891
1163,1550.4853619293767,800.5436246431109,689332,557.2927189269232
4424,1352.4072210586721,802.6451863756356,405015,787.1805163883289
9211,1832.6752169840195,199.47453835619757,727448,704.0953353523381
5442,483.83159648100076,1558.3784941840447,423132,1114.4766144334842
105,4687.941224003761,891.35842061737,71463,976.2112968638219
7589,2791.3210915262625,1662.1417849512043,94500,1457.3253049766838
8759,1562.3453377572166,1715.6612021278013,208772,1554.6269365692015
8295,2015.058509517703,502.78870392745034,562446,823.7399068682905
6066,2263.6525754989366,1348.9716161232443,85607,1254.5168734360082
8937,3022.941950135056,997.3354279096652,907071,1278.1204280249563
217,2602.613167097664,1772.2978020508217,770305,1224.6680302324849
2651,4600.9902674113655,509.90729043526284,334840,795.1411913907835
5660,2509.96924038386,1387.845080589084,848942,1351.7599301806085
4389,4961.182173375398,1254.729032280173,121076,1335.2047392884808
946,4264.553540838224,661.0728073864823,59692,838.7210747420277
6416,1082.1270460688122,359.541716937228,656129,687.5692275228204
6569,4656.4463124873855,1338.1155449068256,718104,1440.1003403273905
9433,626.0136695331066,1503.3351704514282,803242,1335.237690326384
9015,4096.376057031399,699.691953150365,923630,1180.896400017248
324,1934.0853027090714,1325.1819476423962,162081,943.6683931149971
4308,4395.972886203094,850.7487244618562,112718,1043.4897942898008
6383,4346.880616031879,1455.0930782369737,354076,1486.850709846463
2148,4039.3307305822245,478.5090222987009,525480,771.148419258171
6333,3960.6506597199536,1791.4085050087313,248536,1650.119666962492
9865,1558.161738535302,646.0782332846015,37413,1070.9032359171583
1928,450.55045110369826,798.7933767366906,144888,519.7021639979906
2017,2044.7518848875493,210.3747089526646,564370,473.0929816787676
4334,908.9463491832179,311.87320341042516,852480,570.5689590552413
7088,3490.0078900671856,1080.1376151534234,648418,1258.240444626676
2126,1763.1936463620384,608.4260857831458,576228,565.0880500217621
3844,4879.270494256579,1687.4124289101694,688490,1444.216476908978
9193,3222.8117828593936,127.9174384444123,565430,945.7079858786988
109,4121.278789990087,820.2786924766788,523780,820.7328087411299
360,705.9971300721497,740.956538861276,37468,409.3847374763254
6138,4316.971687249482,136.72249874344197,949202,748.5339338861811
9965,4617.648093041302,336.29995810096943,667015,1084.674228835113
2319,2460.956498153733,885.9210823454071,179969,852.7911456494351
7141,3050.9520418673383,1036.4427104501488,424291,1237.502895795545
2160,3835.8085144698275,868.1505197842513,927863,967.5408349118852
5387,915.4512049390421,1108.7815889829783,916480,931.0676063530617
1719,2537.70207849404,1230.750182320795,496413,897.7833995347346
8612,2023.38198747295,118.8552601428877,237187,658.2406515236365
1442,774.5512612031331,981.7808029616574,43056,585.5451170670782
2932,1869.2953903430807,1930.6485576864177,52831,1328.0231781538303
2924,387.4529314581932,1086.1613322461426,846623,683.3265653258054
2094,177.76893939996057,1387.330308172011,774952,788.179262473322
3590,719.0731313163726,692.5413300420781,909380,597.597416002751
9410,4817.41980236641,1570.583618490249,427488,1658.3186618269478
8084,2770.171202680334,1568.5508155646187,633405,1474.165149592385
1704,4830.819697708439,1090.462490542864,277815,1110.9337209904993
335,2190.8644977341532,1954.426264230506,290192,1275.161959186753
2008,1593.489858772035,338.5454080490414,994778,397.97619265003664
8667,2555.4022210592084,132.2005632902039,813395,698.1646778354061
3630,2225.582858732905,1563.3006023384823,569242,1172.6980245629675
5356,573.0401870956324,1633.5955209932768,466525,1091.662464534401
2735,3222.0902577165207,328.39373532909485,234192,627.4555430268556
8262,1119.389003422518,604.6073826213515,358574,737.9315885615972
9862,3116.9603767442563,133.34949039659494,526005,846.463562703859
2660,3268.495407370859,657.2863604830729,274820,744.8223374875114
5515,802.5230229868081,1568.969560445476,398650,1172.8614363757222
3491,353.68065419780737,1084.1250026539,181882,713.2711512654625
6051,3914.7698510387772,761.3816270197474,119696,989.1099706838263
5568,2326.0120976581347,806.3046603220275,918262,913.2451550801
8107,337.91078775210514,102.57188885938949,5994,506.4812702186307
9164,4974.588269990348,669.6210023739482,791666,1284.8257285229727
9544,336.0137769320149,1328.2716091120678,70300,1145.0740432882799
6513,3490.4243828498384,1950.9694432510785,307093,1619.66998488131
7041,4919.210680053898,1709.4155712694092,562693,1709.9531852621958
9606,1233.9415158688319,144.83043282650533,298016,634.6170905381584
4920,754.134375001621,1807.2651488821948,305359,1211.6754533707328
2998,650.8554501410231,1588.0769852673893,548473,1052.0310961921657
7646,1551.211980459598,1582.7146347848627,699802,1270.710381493109
177,550.1767645027012,970.1919421067859,517479,551.9550865166495
7677,3476.198641385953,856.2100566135554,445975,1074.5851718055228
4327,358.34440074381035,675.539884783066,828585,609.6367159664117
700,2571.6395343414592,224.82023201329497,340679,359.0403989008404
1165,4983.649426572235,533.6471906380283,658941,881.0075386277775
2236,4079.152834054793,568.5469064582468,52717,730.6685411523351
9610,3095.336219243504,1019.7464324493831,3763,1322.0484199890923
7043,1565.9554228937277,1520.1443725337185,356054,1333.4348224825565
7904,3138.2843896436107,1000.2386739560985,56480,1158.178105871387
6665,2658.8552463626756,209.90445394960517,695119,667.9446951613231
6084,2159.112750257339,1919.8006218775874,208139,1434.8831937456978
5242,697.0163648639874,1891.1762062788132,119094,1254.28754520559
4770,4438.6908654403105,1591.8601319819759,681667,1510.9869124944921
2290,2276.4340116655467,1983.5230129720192,752731,1313.056970958208
9284,1013.3814335127871,1134.5164323204995,536352,1082.1119682512106
2812,1870.4087868425836,1929.2598654810915,77848,1192.1116060956397
2292,2099.942275018189,243.64957717182648,562836,532.144751413352
1348,4146.3125830560275,794.7934216966055,169017,965.1429206746379
4133,3681.39118377894,528.2244092128551,966441,876.5775849587444
2097,3858.059223524632,472.08285985511304,793908,694.1172475587706
3787,104.60475892180371,367.52560289608454,445972,425.418103096805
4118,2109.9622909898194,1282.5859189753937,877533,1114.399864461332
2070,2432.653550594852,1584.5115259198797,527670,1131.5854114487884
8489,145.0017702741306,1198.7669588986853,443899,1044.8410736767005
5865,1336.0753832879193,379.2291482175984,482215,682.8826739120657
1302,3813.434624454568,1641.1351628735947,701636,1192.004336029434
8235,728.6930433585453,1308.3139436110841,951906,1198.2164772975052
5667,2699.7851506903285,837.5148416412915,486097,961.4892153218528
7767,1115.2492664853257,1380.8475615185196,504516,1139.7149523072396
5842,109.9978344872717,593.8194605613824,421162,552.7058100647015
5888,1243.9472151177304,755.865196139,604986,759.5410728553187
5508,4880.575086804766,1843.2231019507815,771050,1632.2760236508072
8769,4017.6087038207984,651.9585607756987,768669,1262.4462894893802
9546,4799.904389389116,992.9777095000795,992437,1488.2638106140014
1022,2464.877517435494,1791.2681610524278,940839,1255.8543599501918
519,593.1941834536424,1444.6705655083022,46095,836.1840656803492
2304,2762.3994704197803,218.1861297129352,474146,508.3358523219543
1220,2299.1678060718064,379.87578413004366,393118,488.52361884048406
1050,4229.567559561099,114.89902246664195,814629,521.1769252439378
2436,535.5087748820107,1298.7514014354103,915051,818.0879693838978
5473,2466.793628257802,950.5795082797948,547298,930.6869282750331
2343,792.7408902352221,355.1222167143235,418339,432.25989493269714
2745,1657.1458381057969,1920.074830007864,351067,1175.8510045143594
4712,3699.9175330696085,1106.3534754966777,659250,1112.43046152884
1965,2406.289740375394,559.5972588144895,393670,723.2160099928146
6128,1910.6470114715582,1051.1467851939442,110162,1030.9483578973693
7426,2002.6575789216747,1391.2786321967048,384071,1279.9313062420297
6471,2324.261503609634,244.8545141497725,271170,712.982034824236
6459,3935.8318919934313,621.9372485909947,328069,953.7656288387709
7963,4465.819210254161,1633.2344326795878,594130,1597.6007690417089
3328,4778.906698194445,973.3632537650564,296809,1111.6956693745306
3819,3945.1717619637107,1138.4965698613603,272421,1112.2716232496668
2471,1611.264133952663,922.3504041979916,174311,743.846927243792
2991,3456.266795128384,183.4098910217097,441880,615.5778897888
3856,2216.13546407419,414.9245816582963,835440,699.688389630097
4325,1310.6195791279533,946.5291136095927,802115,869.1520817070714
194,4212.314318158317,497.45238427506285,657030,636.5140883689154
2774,240.21042736350873,194.9601544533896,221283,243.66574606565604
6998,4513.721861070347,1702.9343616984652,674249,1627.1345983937867
893,2334.313449892434,1964.26580541182,449828,1213.884483744536
2216,3204.147310200988,1606.971460593805,700895,1179.5006556831097
5879,3313.8019149186243,1722.1913512388674,341686,1573.0583464975232
6266,4480.832816497355,559.7565476023863,317463,1044.9682976125614
914,3201.514926727676,1925.1912534750795,246144,1319.69704908007
445,3088.971244562306,474.15883846151394,879499,601.2344120167025
8654,379.9276007754153,1907.7166396874813,677999,1458.018375108361
2543,2616.1197086287602,1990.1566585353069,196784,1441.7494228158507
7883,793.3365540443561,1452.2733309174926,935137,1171.7886101948436
1084,3700.2971551713536,1964.1730904044616,777505,1434.2274215630073
7890,2585.498508022739,1182.125581177497,953164,1208.085582573481
9931,3417.127507081349,593.1293880345717,332119,1128.6407375384842
927,256.2808579818021,930.2921827646796,164244,541.6037455386228
3631,469.72047942672594,1227.7657772196933,453413,854.6632663384723
7247,3595.800770910277,238.85496785132847,102158,847.8951963090515
4551,406.8174631934332,1282.4522027727676,977351,959.3229068329731
3976,402.72080243803003,1964.2378898483596,799009,1199.3316956191943
6059,109.93695241269288,461.20453458908247,864731,562.2769861809841
226,4784.681921582426,1605.9307209479282,807608,1262.8643906561867
