tiempo_sesion,paginas_vistas,clics_ofertas,monto_gastado,scroll_depth,dias_registro,compras,rebotes,tiempo_checkout,mobile
17.483570765056164,4,2,56.783706828859934,21.416355605858975,119,0,0,4.542431312161237,0
14.308678494144077,7,0,52.903339790028454,88.94190718314837,178,0,3,5.335383069719122,1
18.23844269050346,7,3,83.05237132357297,33.942294280108854,20,0,1,4.367406927270311,0
22.61514928204013,2,1,80.43375299263136,69.75055711123147,36,0,9,7.317334046682603,0
13.82923312638332,5,1,78.4808588471218,21.997672034730495,335,0,2,6.0161754288415725,1
13.829315215254097,6,3,118.65778387361046,51.96051802084514,108,0,6,1.8183082862826083,0
22.896064077536955,5,1,103.16191208601117,98.87682416922799,189,0,6,6.0474555308277065,1
18.837173645764544,2,0,88.4737587795553,28.055488088304248,178,0,0,6.211087965171165,1
12.652628070325239,7,1,107.32051713245929,53.895452159971384,96,1,7,4.130530063751618,0
17.712800217929825,9,2,60.33891835581471,44.57199601519618,315,1,6,2.009604825393689,1
12.682911535937688,6,2,104.21114495638712,92.40704987106115,20,1,0,5.016133518822272,1
12.671351232148716,5,1,106.02409971378535,89.54720863258841,164,0,7,4.984582697035512,1
16.20981135783017,6,1,39.878125625700775,39.0159008244983,97,0,1,2.7567075269336105,0
5.43359877671101,5,4,139.82775017481447,26.495022964034494,143,1,7,2.097561567480129,1
6.375410837434837,5,3,64.74265179092018,70.1710715248894,62,2,2,4.824892907093121,1
12.188562353795136,5,0,103.6123919682574,46.90949695069678,242,1,9,4.533845615898356,0
9.93584439832788,4,1,146.5764696214108,73.76675124848504,238,1,6,4.165469269355213,1
16.571236662976368,8,3,137.02707030855478,22.569580485425156,131,2,5,4.833178530506877,1
10.459879622393945,4,3,101.37333554275342,30.67193881419915,93,0,4,2.7944472523593618,1
7.938481493323542,5,1,85.50003988471725,74.90977862181147,91,1,9,4.130358774267772,0
22.32824384460777,3,2,137.9004763430227,36.98965242419982,133,0,1,6.066650061228695,0
13.871118497567322,7,3,126.98779911234479,88.60701406099213,123,0,1,4.300059839297423,0
15.33764102343962,2,1,75.2653991982348,24.687271016810833,342,0,0,1.6560550564148961,0
7.8762590689327165,5,0,68.20425411993239,37.23855862284597,118,2,8,4.054615444552857,0
12.278086377374088,10,2,17.10579273216007,99.88481987880549,198,4,7,2.859683072986279,0
15.55461294854933,7,3,106.1612736673435,54.64608820694341,282,0,7,5.534272592923461,1
9.245032112888486,7,2,96.69209019926406,76.23725308357149,1,1,0,5.637674806760851,0
16.87849009172836,10,3,145.4476549857017,34.613043908561096,211,3,4,1.6824507498279382,0
11.996806550405974,1,0,114.36220373921466,68.78949879884303,263,0,5,6.518025941164378,0
13.541531251033616,5,2,153.36916776690762,78.08848546955348,332,0,1,2.775627397442883,0
11.991466938853016,3,4,72.10543088335316,45.15813086932084,212,1,9,8.118364580964702,1
24.261390922544688,8,4,145.52601323870473,86.31176895807022,87,3,4,4.902447470998767,1
14.932513876310331,7,2,78.8433448358138,68.27340627778267,153,1,5,2.5072130029216755,0
9.711445355220498,3,2,131.10384247169088,51.12984076920242,350,2,8,2.716027858614637,1
19.112724560515943,1,1,41.64966429877226,64.61139146745268,187,0,9,5.6961905835746895,0
8.895781750144888,5,1,109.40541197464754,66.14086779487394,61,1,0,4.217400220203245,1
16.044317975023777,3,0,20.612482342163602,33.24282341550928,285,1,9,4.806692180763719,0
5.201649380601122,6,2,89.31450056232981,52.21858958935729,95,2,2,8.225560465394079,0
8.359069755507846,3,0,117.61415975511655,47.47444704155945,274,2,8,3.6015118715418497,0
15.984306179345618,4,1,79.16125795075617,52.07221780633009,41,2,0,5.119925715391413,0
18.692332899977053,5,3,57.98249484976131,80.88884707882063,147,1,0,7.839688974746107,1
15.856841405949853,8,0,133.84473877183734,58.603072597333814,246,0,0,5.5410269509328005,0
14.421758588058797,7,2,95.86148840612306,95.22529225914114,132,0,6,1.7867945292839882,1
13.494481522053556,5,1,80.41717411877313,43.49411306867489,297,0,4,6.010778023464273,1
7.607390048162863,4,2,101.67583684617107,53.25628626279432,123,1,5,2.6739942844331117,1
11.400778958026457,6,0,205.46676567782356,82.95654483832331,143,0,7,7.81361505746593,0
12.696806145201062,8,2,146.14011399126176,63.68196746566002,182,2,1,3.354264790004044,1
20.285611131094576,4,1,146.5029467275136,63.76225171395582,192,3,1,10.93901901549133,1
16.71809144784231,3,3,117.42185275969456,24.26721304041468,207,0,2,7.934751976655356,1
6.18479922318633,2,3,106.65941090308588,51.88797301747647,231,0,2,3.4067748607440427,0
16.620419846973974,3,2,4.156708466783357,41.6586985937386,22,2,2,5.040027610003221,1
13.074588597918417,9,2,72.84078614147472,99.94680982648923,80,0,3,6.507288563266927,0
11.615389998470206,5,2,80.77702347190102,44.66840565058482,130,0,2,6.567320948453416,1
18.05838144420434,4,0,25.00431743809868,90.75972278350908,292,1,1,5.884672519952394,1
20.154997612479754,7,2,53.703368391382654,74.0986988032382,276,1,8,7.50431807393222,0
19.656400595580994,8,2,20.766541163094644,47.273312735367234,323,0,5,4.754062106731261,0
10.803912383886807,4,1,98.4670465721051,63.482750269929895,55,0,2,4.266564662847934,1
13.453938120743928,4,3,132.75063883395265,87.2428703959355,66,0,8,4.306272024150779,0
16.65631715701782,8,1,144.27098074497314,90.66946384247295,227,0,3,6.716746463944254,1
19.877725635611796,5,1,116.59137848316965,32.83151000049162,26,0,3,5.730362080605293,1
12.60412881077355,5,2,61.46414635205724,47.16585129665357,253,0,7,5.582567331380512,0
14.071705116680914,6,1,22.71739365920162,46.817854417085734,197,0,6,6.590468498514364,0
9.468325129969859,7,1,29.72525202393993,23.363583686075575,130,0,6,0.89789518429229,0
9.018966879596647,2,0,49.24069690982006,67.85902078815172,243,1,9,5.620137647750301,1
19.062629111970992,1,3,64.44561207857302,88.38560423937504,312,2,6,5.437137777747432,1
21.781200142854114,7,2,93.61006008033654,50.525951026041426,212,1,9,8.33761616260141,1
14.63994939209833,5,2,59.43343127492127,79.20287559873415,190,3,4,1.942824035472666,0
20.01766448946012,4,4,113.55903574673046,70.21603308805919,290,0,6,8.114373264753516,0
16.80818012523817,4,1,90.70905988802109,50.051898839440064,226,0,3,5.150818257849331,0
11.774401226974378,3,3,100.42182846964103,31.284783959383766,246,2,7,5.97797906132009,1
16.80697802754207,8,2,145.6100221068482,76.74590822207739,56,2,8,8.351837575218752,0
22.690182832329846,7,2,52.7907306319852,88.36521351529923,55,2,2,6.121522536011146,0
14.820869804450242,1,1,116.74818313169473,74.86835939211934,276,1,6,5.800736578925122,1
22.82321827907003,2,3,99.44107086095707,21.430278722785445,306,3,9,5.4845823716046365,0
1.9012744795512777,4,1,86.6605487612122,37.2986315512793,340,0,8,4.033043730011246,0
19.10951252187612,6,2,135.4102528346384,25.558398790682553,153,0,0,4.943021750979214,1
15.435235341190856,4,1,135.1605661822803,65.63088796609814,53,1,1,3.5689744677545026,1
13.504963247670663,6,3,62.14036816046288,80.518214307233,111,1,6,4.910866201149036,1
15.458803882677511,8,3,92.71357664568303,28.846334965492755,204,0,1,0.3281386058898068,1
5.0621554269955364,7,1,111.24846730336262,87.06702564747081,112,0,6,5.858079135135097,1
13.90164056081244,5,2,89.07973007909662,64.44071827163866,325,2,0,4.756525492432749,1
16.78556285755873,2,0,123.40085329151194,75.197520971338,258,0,2,4.327592526666471,0
22.38947022370758,1,2,111.24768071641101,97.7121478886917,16,1,4,5.439516167880287,0
12.408648908631763,7,2,173.30244961424052,26.694479059815784,350,2,5,2.1328721540691187,1
10.957531985534061,4,0,38.788834562808496,92.09792183822314,166,1,8,8.858539993242566,1
12.491214782077318,1,3,95.1025604101041,30.088215678992746,301,3,8,4.7944650770248005,0
19.57701058851037,6,4,63.65989953951236,51.43670453093458,280,1,2,4.708311134055621,1
16.643755548298422,5,0,124.16429821756176,88.11509570648914,158,1,7,3.0692075797341554,1
12.351198981164806,8,3,35.31312439817822,92.50033893902946,249,0,3,5.047892764898522,0
17.56633716556678,5,1,113.85250840899546,60.50973388361163,181,0,6,7.773919780546561,0
15.485387746740201,4,2,74.79806274606636,67.52837106203401,191,2,5,7.0718324188640675,1
19.843224952664446,10,3,70.63352535515943,76.65178676788457,139,1,7,6.708875502281112,1
11.489734530613237,7,2,42.14007185837251,86.62069347621713,78,1,5,6.092797903334543,0
13.361689267011158,4,0,81.39696215195976,29.72089356301329,336,1,3,4.282914944874781,1
13.039459234339212,8,0,143.38002121163703,84.8055446583382,50,1,1,2.099673665926596,0
7.682425259339407,5,1,98.99245265882082,58.50209204092934,85,0,6,4.59792245626673,0
16.48060138532288,5,4,125.10721671497897,56.04987400865352,183,1,3,4.5282570709326455,1
16.305276360899448,5,1,166.585672878651,53.911980159759864,183,0,8,7.0975888793424815,0
15.025567283212304,2,0,110.55022339290304,60.736926819683404,4,2,8,5.618780884919641,0
13.827064333124266,3,2,77.64801711750637,95.60404427156828,317,2,6,8.224623055807097,0
7.923146289747929,4,0,118.6900886073116,63.85630182337213,111,1,4,7.394977080076349,1
12.896773386173205,9,3,78.22815414742833,96.25420306105114,334,1,2,4.087008780991809,1
13.286427417366152,0,3,79.82309266811322,34.42321044925124,339,0,2,1.4097416067602633,1
10.988613653891905,5,2,39.20428801524061,77.93087830661065,251,2,8,7.771150467882962,0
14.193571441669954,5,4,137.0502996433757,84.97916308869978,133,1,8,7.718770446461488,0
17.020254284072692,5,0,84.55989697402242,74.33030650678896,100,1,3,2.267576818195548,1
24.43092950605265,5,4,107.28392983263448,68.55378241812323,172,1,0,8.018480039655001,0
15.872889064159194,4,1,58.561522855734424,65.18502248689458,287,2,9,5.764234341185036,0
16.28775195361382,9,2,117.4379051886189,88.87443860629568,119,1,4,5.321370996251306,1
14.627770421169163,6,1,69.52235047459665,85.73172777316,350,2,7,8.229566508494655,0
5.406143923504793,2,1,94.33165113192703,29.78309769444796,175,0,9,7.68937034646123,0
14.867430622753915,6,4,135.11304124956504,87.88701256247025,30,1,3,6.3026619039904075,0
15.301151049705132,6,0,131.63037248930118,53.1254895552354,55,1,9,5.946434131623966,0
27.31621056242643,6,0,99.11879709932238,40.295746399664864,361,1,9,6.232788581060718,0
14.038195176094387,5,3,29.274758691731265,89.58148544111407,196,2,3,4.199885132234948,0
16.507736711668063,2,1,219.71242280242564,54.56198397069933,41,1,8,4.889797100535358,1
14.826441151473784,5,2,169.83435881092544,84.66917521414533,173,0,8,3.195365690810915,1
9.156609811902339,3,1,128.90699299553194,41.07228895646756,330,1,6,4.3339204485221625,0
20.714114072575104,3,2,69.87184873636117,20.314345713777424,219,3,9,4.266732242662134,1
18.759665163433873,3,3,95.45631353192141,59.636735432235554,208,1,7,3.7293892607566708,1
18.955159735215233,6,3,78.26318280893932,28.01826053143074,158,0,3,5.273493005296926,1
10.453062726026305,6,1,150.55423756385554,80.35007644199277,333,1,7,4.3520382985988455,0
22.013971554680495,4,1,110.50011563407335,42.08601088555283,228,1,5,6.004469440703948,1
7.990744686038596,5,1,68.63344566560669,55.4916517282783,85,1,2,1.7553587734124694,0
17.934285469001352,5,2,81.16979603500872,26.96268520732434,173,1,6,4.773290411785401,1
25.952278129049894,7,2,144.8475257027962,42.932739875780214,245,0,2,5.263103280354992,1
10.047318374346558,5,4,164.0039138728191,82.51921946068576,360,0,6,4.378741520326239,0
12.16851135198614,3,4,161.13326253944982,32.12703295218556,173,0,4,4.655214600381537,1
15.498256825438206,4,4,130.2812826021591,71.7727648901566,335,1,3,1.8295079785402852,0
12.482621729419003,7,2,89.89500524789453,93.3940682243601,212,0,2,5.712954209338984,1
7.246682844669337,5,2,0.0,74.38694078061762,84,1,7,6.295211965134141,1
15.342814874030136,7,0,111.88640095232887,84.88173514337815,173,0,3,5.987074588407534,1
9.688481431369475,8,2,99.92684964623598,28.717730344313264,183,0,7,7.077454118884366,1
17.36796215317591,7,1,105.59928385285414,40.058546080164355,133,2,9,5.403059211565004,0
10.402878828830985,5,2,102.15589388132825,91.56310817924728,288,1,2,5.9573623613018745,0
22.749672025087698,8,2,46.94951352203372,77.20844908944713,262,0,9,5.312181476913705,1
11.083733538318814,4,1,122.29634227404742,71.1643061101849,350,2,8,6.375101439184988,0
13.389692418971622,6,5,125.288652561274,73.101338889736,282,1,5,1.8455407277357558,1
19.067586086848348,8,1,127.29355128238637,53.13604434437147,293,0,4,3.212838064043978,0
8.845678417830225,6,3,137.86308014293547,23.56453052941226,269,0,4,8.173799314066182,0
16.137299673020646,3,2,124.16206579686494,82.75532336565831,349,0,2,0.07912835580758948,0
21.53571377141214,8,3,83.59882353844357,74.29705889722831,197,2,1,4.719644140349312,1
6.962583827193862,4,4,97.16652608335639,57.824357129017976,25,4,5,7.344549919216137,0
15.923169292661521,7,1,103.64499469013508,91.98076922946059,141,4,0,4.813478668916471,0
16.299413971242117,2,0,104.30797796426474,46.89277319880791,223,1,6,4.189977857098605,1
18.90911435888655,10,4,139.92870623886918,43.54573953849887,20,0,4,5.258843353630601,1
8.81524644560959,6,3,125.74675012089963,89.82370600635542,247,0,3,4.293759639995107,1
8.397716934578618,4,1,183.09373758279813,83.75901238071884,328,1,8,5.061698985513878,0
17.60970782808449,5,2,188.2587591953869,61.19838485186758,201,1,9,3.633237926959741,0
16.48492336616593,6,4,103.185983304557,30.458779156627998,115,1,0,7.217348839911448,0
16.252464251729382,4,3,0.0,37.205717717204195,189,2,3,7.846529842131321,0
16.732241047484877,5,1,149.47329864509067,72.49823923270453,26,1,2,4.733219355776755,0
11.599876392107547,6,0,78.38494644051782,50.80329902723293,54,2,5,2.2270211586175135,0
16.161268485805017,3,4,67.94064312675972,86.9178553332777,170,1,4,3.9523136593732096,1
16.465362366493405,7,1,84.06218900042532,95.99640074657633,11,2,6,4.632022679794072,0
11.42824290986816,7,1,82.13427812741574,84.45095402199345,27,3,0,6.011077753806417,0
24.328872555723784,8,3,124.49079240421571,50.203633839644574,350,1,4,2.983973553658644,0
17.36916460455894,4,3,37.62256883495098,83.09491433851392,83,0,1,3.461675362715699,1
9.043482513986756,7,2,56.89117016833593,48.11533387765468,290,0,1,6.021352275717614,0
18.28276804316915,3,0,113.72634216789666,33.36800702125071,38,1,1,6.8778176640791155,1
10.126591648863393,4,3,124.91776121653233,22.67145638926859,87,1,8,3.756811909658632,0
18.93542301871226,4,1,125.66166579744048,50.8573370208816,321,0,9,2.333565892098008,1
20.79297789503702,0,1,68.51854884266804,92.28474429578255,156,2,2,11.568236402575767,1
10.896588408241447,1,2,60.869374029350396,39.11892702045412,308,2,3,6.566608474177427,1
19.81688064622161,1,1,79.73460664848324,36.521053194382716,286,1,4,4.465992476465937,0
17.06390463468249,7,1,109.59491009138901,97.58566281928323,186,1,3,6.738062551061679,1
19.11030079997245,5,2,159.41909477090198,22.000329028047368,182,0,3,4.751086740571155,0
24.483964913269737,5,1,18.10251256916999,82.86257203150035,143,1,4,6.734313778200373,1
13.773059419985648,8,3,91.17084972166533,45.709596459269626,206,0,9,5.318786395552444,0
11.231319178212551,3,1,46.69286235899185,22.999036549572747,142,1,8,5.182543796335146,1
10.552427851872384,5,1,33.910292905860416,93.42420321676668,185,2,8,4.772836263538423,1
10.920948575172808,3,4,138.67826581379268,31.171386416766687,241,1,5,2.1052373330738203,0
14.61449145292948,5,1,121.78498297997355,64.14234269805563,8,3,2,8.87618979878628,1
16.70575987408322,1,3,117.97734063789049,41.92433659436382,72,0,5,3.116932159464513,0
16.383453996650097,7,1,136.84103358923974,25.215424174775283,288,2,9,2.279952847378811,1
19.13591624518012,2,0,80.81124412935456,23.993798853070327,95,0,3,4.574280234487265,1
15.065009459389534,4,3,82.69449934665887,29.244535906907103,157,1,2,3.0770563729789866,0
22.267670385786584,6,1,187.42922466890298,25.709361111150404,41,1,5,4.8965744188794575,0
13.67671583381022,7,0,90.13715782961702,80.84464924159383,331,0,5,6.3755276971235375,0
28.600845832948096,9,3,129.40528452216364,58.84529618267433,301,1,1,6.990605801058446,1
18.12833673882503,4,1,100.2552616385326,47.43136730791838,269,0,8,6.629461443243363,0
10.714212217918586,1,1,26.069658796863393,53.46951281056057,155,1,7,4.38873589042864,0
9.645537509694439,4,4,18.214839847949264,94.31573884580986,275,0,5,5.099183655323172,1
17.412362076215928,6,2,76.84063120240381,92.86014501905177,154,0,0,5.815758101794982,0
13.882686073370746,3,3,142.24405006679956,77.25411840980615,53,3,1,1.484425152115855,0
18.57000247046046,4,2,131.53166626544015,90.77459019373502,179,1,3,6.141169400239719,1
17.366188122867726,2,1,136.56308656896135,45.57184220700998,240,3,6,2.085401424832337,1
14.635855436715635,6,0,60.51815284254739,50.48874608066263,137,1,8,9.080693197812979,1
10.766031409657975,8,2,164.63489960489255,69.09697454833824,255,1,9,4.190969830716609,1
7.425763876570677,7,0,61.404267992544625,69.89007578378113,224,0,4,4.630249645610817,1
12.767425239664895,2,3,108.51297594679875,58.53598704098728,180,1,9,3.460585801524289,0
19.28199397161736,6,1,99.58590840369054,52.052627875036265,182,0,1,3.7400599362886204,1
16.07046872065102,9,0,93.04504718741654,98.89442492869561,259,3,0,9.54818713828648,1
8.77130610644006,3,1,153.54368553182428,85.68989008941796,243,0,9,6.880739377246595,1
15.86590462925591,8,1,71.79557919336158,54.79841583104361,96,1,0,1.9015951097043233,0
16.926586898644185,7,4,46.015789771522876,78.18339817916548,197,2,4,8.008425801370459,0
10.580712818994336,6,3,100.79981944825677,41.56493546019676,14,0,6,7.386484550282863,0
15.76862552972764,10,3,84.00693062853894,28.01354609898639,120,1,8,4.437575075423423,0
15.29104359223,5,1,235.09531676330585,48.19448204421925,269,1,8,5.6133938840596755,1
9.285148510846884,5,2,127.060299057599,52.23782400987154,171,1,7,4.970111841157851,1
16.788936801741418,5,3,83.62637699125503,21.322969964853662,72,2,0,8.945159808893864,1
17.80392263184117,5,3,57.75553723251654,85.18336013087168,179,1,4,3.4074196220158193,0
20.415256215876383,4,4,24.788463577248606,48.73547219113452,170,2,5,5.2920212195514535,1
20.269010260174515,10,0,58.99123657050268,66.43345326241176,159,1,5,4.143709338014391,0
8.111653160214544,3,0,104.59767087036526,25.91705498167648,154,0,3,2.1339191907642916,0
10.310874800424386,2,3,157.09314606379078,33.999746300046716,82,2,0,9.383276510109974,0
17.5751763360433,6,2,144.86756569551676,91.17549802620479,57,1,2,2.6368668417951753,1
17.568929754561044,4,1,109.16379326585518,68.69500223062406,7,0,9,5.440258374975552,1
17.575238431530238,4,1,87.07329337190062,96.02272401363885,112,1,3,1.5185987872393292,1
34.26365745327361,8,1,110.75249425648617,99.90000275130535,48,1,3,4.201858921513813,1
17.854452553465833,5,3,79.25448010061696,49.74880922664755,80,0,3,5.843937642866915,0
20.677828200902994,4,1,168.73455983055504,43.90424512666197,316,1,4,3.3505320409952746,1
19.770008817466014,7,0,92.4323927489968,88.66848441272774,33,1,8,6.17360370147131,0
18.25695625652899,4,1,96.54648567013092,99.88891416299634,115,0,3,4.461917816223835,0
13.423653776798272,2,5,11.36710299917327,70.37129873859658,3,3,8,7.320165024797227,0
18.794846102466337,2,1,92.18260613908944,83.61125780092179,4,0,8,7.723521826680447,0
11.13587392731214,3,0,133.45936551859765,82.53966870522196,356,2,0,3.8265104785399764,0
13.815906966299956,3,3,57.291096918458194,48.427176657563756,260,1,4,5.153465718785914,0
12.573182260854482,8,2,69.97118662028748,65.94163042056698,42,2,8,5.3669084529444655,0
15.409370696931612,6,1,131.70844070934658,86.64455530113709,9,0,3,6.238698590869397,1
26.573292833367542,0,1,40.93371105927787,75.04911010088443,307,0,4,5.028763992488532,1
5.663674037041259,8,4,142.31204030167675,21.69310511856306,145,0,3,5.380421918685684,0
18.43130095187257,5,1,78.71424439307592,46.93645351180268,97,1,1,4.513187050409761,1
6.936420644051742,4,2,84.45727118035188,31.55805572756843,276,0,9,5.230479733944037,1
12.640340671052833,5,2,55.04486379497624,38.63777696624312,142,1,1,7.595880387070265,1
20.444752984836832,7,1,115.12185041711533,92.43915819930605,278,0,1,6.292166482423709,1
15.321400095477314,6,4,198.39487940117522,22.951463112861454,27,0,0,6.402511278886738,0
9.611276110353469,3,1,131.2598895784253,37.5840569569539,43,0,2,6.4461406482711565,1
11.423481453700159,4,0,65.42858952237856,44.76554817905851,131,2,9,4.692382444237929,0
18.39798874467338,2,2,145.42482341965905,69.35072575731158,216,1,0,5.637654087159061,0
11.348166841414317,4,0,87.33281816263002,62.72813520686924,94,1,3,2.8296526433285107,1
16.082292947909874,1,3,154.9793992571024,37.461558628270886,8,0,0,7.537615312633914,1
15.227859199519068,9,0,132.2670560865745,33.13928537785236,86,1,3,0.0,0
11.741998261970915,3,5,0.0,38.9438427676895,345,0,2,4.82570321532915,0
25.719720446626628,1,3,59.8368146817989,60.202370136132444,138,1,8,7.281791954300548,1
18.169595111590056,5,1,137.7754089134156,41.694222856896275,246,0,0,2.272264132741317,1
4.874287066711965,4,2,106.0662908858007,95.80820012861777,21,0,7,5.799559835233702,0
15.932271573847139,6,2,59.04976209168598,57.1092177143078,265,1,8,3.6384671068419463,1
11.69106767615806,5,2,74.65641938024748,24.703681323570965,148,0,6,4.262393469622262,0
19.26216667398112,8,1,23.750535196424778,78.34131246693067,184,1,0,6.891881921278875,0
11.037396307836497,5,4,96.46506849894416,46.307623056719166,227,1,3,5.3961138517703,0
14.426317792665506,7,1,188.42758904063058,72.2791145646598,292,0,9,0.9312882642312745,0
17.524936394902287,4,4,132.19733562929304,42.36754964185856,36,1,0,3.047148920536803,1
19.328775970850607,1,0,187.61668004753693,65.6594993386656,246,0,3,6.950671469777519,0
8.998517964721119,5,2,135.2958835915992,81.77220038459717,73,1,2,5.897885436385995,0
13.327493820795258,4,2,141.09917373410767,94.24069934196432,150,0,1,8.496271145048569,1
12.62527344419522,3,1,178.96314750980093,40.890171554646166,1,1,0,8.365295188026595,1
11.73335383713144,2,4,115.09053037368906,46.78855607991849,69,2,5,4.315509739706417,0
23.827271201405484,12,2,92.5109071397248,57.141313622875174,293,1,6,10.006475610138978,1
17.024908554804778,5,4,141.3063006648805,94.1739870188791,230,0,5,5.0489593397038215,1
8.695580228324774,10,2,158.1536094848754,92.11094854485256,211,2,8,3.0746629311819493,0
19.58930973527388,6,3,80.80141429151163,27.19026240805104,72,0,8,3.7327202681788454,1
25.610780985063165,1,3,71.13723670639882,30.554386060304868,363,0,1,0.48654978942116234,1
20.162326302755734,6,1,105.55424129723521,59.64073418645106,96,3,1,8.214038016498563,1
7.403150170229933,2,0,133.25995467726648,28.529541824433878,84,1,8,8.189523978087728,1
12.578829635668743,4,1,131.92364194646245,47.646469867895796,228,1,0,2.968985122373358,1
21.334555745933113,5,2,43.033295992496036,31.87083025739821,299,1,4,4.544231423236188,0
11.461652671906096,8,2,176.46424268253287,70.88322841055087,236,1,0,5.191215088225155,1
17.219097140731144,4,4,74.35340282412598,95.95963453913294,293,2,6,3.0792938957157725,0
18.873170267146683,2,1,89.39740012445682,99.73870162355053,222,1,8,1.4897959374576768,0
10.365347642109585,1,3,63.89382560048721,50.019290599753184,223,1,5,4.579284792446177,1
14.702373219691,8,4,207.9331534374835,67.92101096916898,281,0,1,4.357841141081506,1
0.0,8,4,109.6828268115187,88.5014122819265,221,1,5,4.22317751802245,1
9.878061793328552,4,1,65.9609967727374,29.39696582371072,216,1,8,5.445432125201929,1
13.737159243034199,1,2,134.55694199849785,75.1651528841572,231,1,2,7.859039317051984,1
8.761084090175753,9,3,130.76543117240132,52.70749293800546,169,0,8,4.393814560616548,1
23.162056519658176,4,0,92.49091905680464,36.49169282241313,329,1,7,5.340885997442726,1
7.849293110196837,2,1,133.62426851133534,52.220289499795356,42,2,6,6.453741047489872,1
12.79977756651508,4,2,66.98832156676542,26.07682295719335,258,2,7,6.108285853025498,1
15.653702886430457,3,3,80.28326900202991,75.63257188714445,196,2,9,3.771152951104316,1
22.206366445330577,8,2,19.59133381735748,40.21941349987625,96,0,5,5.192754246228072,1
7.8206892441028035,9,1,47.04195663121749,44.91245160359024,317,0,2,6.095079640338106,1
20.815818760774796,4,1,172.30523222682743,29.68650385931702,14,0,6,2.7432973249784447,0
15.051165305097935,4,0,165.65714510889256,89.17272911119133,113,2,3,7.527078021593017,1
10.092456744760245,5,2,102.6315459459585,59.475542342619086,77,2,9,7.863177810428223,0
17.310517371316354,11,2,166.5172578875935,65.77175022291202,277,3,4,3.5544394891110125,0
15.995298477867351,8,1,93.59702053566781,65.55461464758837,320,1,7,5.3873400366963375,1
11.998915614206027,6,2,90.26358789728368,52.839449163307336,160,2,6,6.284556513342063,0
15.349010424950094,2,3,102.26042593862225,35.40239323505116,313,2,6,3.9087716873424947,1
13.0734320156912,8,2,95.00313618705738,79.61061987987199,119,1,7,5.963227691376189,1
15.56758672625624,7,2,91.39214705759278,30.164501228613947,161,1,9,5.326511252584331,0
18.310653372605234,6,3,145.7359242859821,28.30990322230484,308,1,2,2.0641636447223983,1
22.93008408072676,5,2,106.00542615824813,76.81160300772027,351,0,2,5.918322631957116,0
8.810922505865754,3,2,128.49927057735218,36.70696163615871,146,0,1,2.7997151674579284,0
25.665166873281333,5,1,141.25522101109323,44.54182010822659,163,3,0,6.878405703324095,1
5.239561002387491,3,4,115.52743182618934,58.01819736013922,179,1,9,3.657577849732222,0
14.241074524822084,3,5,61.189146963670446,55.948105338363696,89,1,5,4.67742913267771,0
17.941586032422883,7,1,45.88536444143845,76.68633000519993,223,2,5,7.74455782689315,1
16.404959338675162,4,1,105.9512253922922,69.87454347546887,266,0,9,5.99276329305769,0
11.886502400897031,4,4,93.14974780700263,71.55169298254926,239,1,7,2.8410521608509094,1
13.959388748213623,6,2,103.49565715680487,77.12434645243658,308,0,5,2.9701668584018326,1
12.534995326705836,6,4,99.35783843005655,43.40901819387723,34,0,5,3.801394422752549,1
12.053176215278942,3,3,203.3429464066627,45.786664944037895,167,2,0,5.789288166713332,1
19.248010485105123,4,2,46.79094977434648,55.03981983164433,125,0,6,5.716599629865536,0
16.785077429825236,6,2,20.402149207155006,44.59697384268209,224,1,6,3.3137953906742617,1
11.53545202369673,6,0,113.29507334078438,98.79502951766908,150,0,9,2.665581028771282,0
19.497999377166252,6,2,84.94309781647219,85.12415411371437,189,0,8,5.563166810171668,0
16.536497604383047,6,0,112.64271478919805,33.172375060482366,43,4,6,4.636279868419676,1
19.0643105941948,3,4,123.35532089136004,20.44753247054956,29,0,7,9.314431774895475,1
18.14814420961806,5,3,151.3641878071559,23.42266145978143,362,0,3,5.073207313126158,1
10.855024945389639,2,3,39.71096718464246,39.52507608343402,120,0,8,8.628505655400549,0
12.199094799015153,5,0,77.73128408571348,29.143302866948524,337,3,0,2.65923280379132,1
18.736468025616308,3,4,117.15045035523056,62.667049191405766,31,2,7,1.8535741208765857,0
18.051851327167324,3,2,130.81854382748907,88.6396178181887,181,1,2,2.759829734948931,1
14.895492030179259,5,1,187.73798201153542,78.9400176730582,162,0,0,7.3782595629069325,1
15.58663691654391,11,1,138.22815884455468,37.24872504657523,128,2,1,8.512203179387068,0
21.388324478942124,7,3,97.72845616454892,51.94394048206287,255,0,5,3.4356410920947322,0
12.042143055820851,7,2,64.38256988229354,60.63153676250221,294,3,4,4.078867940480885,1
17.735486905850188,4,1,77.42840589123924,84.81646796026683,357,0,2,2.6620381795750006,1
13.98903673783053,1,2,76.29188708171574,87.12972824849318,254,0,8,1.3767203057632256,1
13.911593983863899,4,1,126.20934514055043,92.77746495262208,130,0,7,6.43682339555326,0
20.49388425993595,5,2,110.27989782343322,60.739620040230015,12,0,2,5.446040605924326,1
19.12708174494015,4,3,47.054017166312846,75.54197971486903,35,0,1,5.020975965347751,1
19.067548180003193,4,2,82.56394123638268,28.94402969871497,198,1,7,2.19988692567324,0
21.527394035771646,7,1,135.10190213805683,65.22311679631856,248,1,4,8.279913363657322,1
15.105019208163796,6,0,114.06649419896236,39.89534475769081,110,1,8,3.9932865239010535,0
18.40976485647482,8,0,122.74578464051082,54.537350802128884,328,1,0,6.067252849632951,0
13.44866621703272,4,1,115.31686840229052,70.72404066453755,245,3,9,2.090877189510551,1
16.62083176244221,3,2,165.05722938435437,40.55887502830249,250,2,2,4.618949620759925,1
14.349284728161576,0,2,109.4417225529748,24.174804623740886,317,2,4,5.582748912477168,0
15.484979824963592,4,2,84.55908808517208,20.818708512700603,163,3,1,5.654150436106615,0
17.97578512718457,1,1,63.369798354657576,21.772762843561722,48,2,2,5.30929708647325,1
10.908896583832638,4,1,109.98437832838847,20.66797900110157,71,1,3,5.9890449840975455,0
25.461936378427303,3,2,2.3718394089966353,28.828404524630038,134,0,3,2.7389590879340777,0
9.96991309250149,5,0,92.62843992669153,39.15909716561039,239,0,8,5.39474521087932,1
8.92905693606134,6,1,91.76640560314624,37.69772113458394,68,0,0,5.227515366960555,0
20.790554367500338,6,3,45.421165855308764,98.94372753439174,278,0,8,5.463345368390121,0
18.95831346981468,4,0,62.869366453760165,44.48048841671546,32,1,8,5.144690434638363,0
18.120599085260775,4,0,132.38630120592964,30.193662668751927,123,2,5,2.453574452173205,0
18.1417275463214,5,1,109.2284699629985,63.645003533420635,22,0,0,2.3644004957820526,0
14.938766135765427,1,1,104.0715333482931,88.63659643180067,155,3,5,0.5714636282308971,0
10.513728142570843,9,0,112.25390135728091,74.24483014301401,110,5,7,6.6350690196905955,1
15.379022790968632,7,2,103.70510351795694,43.686567130836025,271,2,4,6.655315019470398,1
11.614191442439441,5,2,149.7145025143326,64.9292927833164,300,0,4,6.68710058244424,1
19.875598667088756,4,2,104.93716726814596,77.18847793603274,115,1,0,5.613579924922903,1
14.264713092489307,5,0,41.67147544724998,78.24835938941939,220,0,0,0.7337615645637783,0
10.872514016037442,4,3,165.20519859497642,73.32307642381511,230,0,7,2.946579016429468,1
13.393070791735033,1,0,114.81361069315383,89.66483398204944,252,1,4,5.340830835186224,0
17.06465727137812,3,2,76.4298507681973,89.60843666752835,249,0,7,5.271036005583591,1
12.181377235980126,7,3,49.86393126819926,66.31492475256026,9,0,9,4.554503573695958,0
10.888898022167844,6,4,115.83656883832182,54.38850952889698,34,1,1,5.737834405816494,1
16.218436057459563,10,2,95.31311980102498,71.32562364520798,228,0,3,5.023303415370491,0
16.224832855543614,4,2,162.96587144129634,85.45696010963705,73,1,9,5.2415409311027235,1
12.46528412314435,5,1,86.16370877332689,20.452168387294776,301,0,8,3.7218693343359677,1
12.644808471908386,6,4,66.50476841270132,99.35976072118808,212,0,2,6.964021972243181,1
16.16024968678818,6,3,135.83184872943713,34.63150178633594,72,0,5,4.138456782639232,1
7.759578292513379,8,3,137.01127570867325,57.619918852798094,58,2,6,2.3387018339587473,1
7.962681128117223,4,2,106.74605470440783,89.76237878742934,220,0,2,3.458001974362543,0
11.40777889373782,3,1,127.05428190699634,38.00323192353595,275,1,0,4.30306761727604,1
13.932764241440763,3,3,98.49251517031048,58.143617912030656,249,0,1,6.988005576737693,0
16.554537827990025,9,1,109.35460404036988,30.606574414494332,16,1,9,4.915464003130414,1
22.376781084747762,7,0,146.59963530255692,51.606106031055404,75,0,6,4.627703562068702,1
19.288298116010097,2,3,125.01273336086012,34.170836383440204,106,2,6,2.5026731504747453,1
14.200307350182864,2,2,93.22902246669501,49.090219901692564,136,3,0,6.570965179659153,0
14.904918960486556,4,3,154.09450183704604,49.87713734341776,74,1,9,3.6960956919532286,1
9.987353176810956,6,3,5.405785088339513,99.45366316786662,254,1,6,4.799944282117329,1
14.90743432003805,9,0,182.08293245687742,99.58504234430178,18,0,9,7.960366153763729,0
13.556706805399308,11,3,31.76163620437059,29.182902292848993,43,1,5,6.017526662098609,0
16.613592801690448,4,2,74.91628700910816,78.07750234626778,50,1,5,1.7434919045696513,0
10.863845282238385,7,2,98.36329859219724,24.139638373528093,3,1,6,1.4609795272950556,0
17.596732571205862,7,3,94.14077317087354,22.41536122697509,232,0,6,4.871379099761508,1
22.66369456501289,3,1,140.2564416010622,28.426711539597143,219,2,0,2.57451877025039,0
14.456199257715712,7,1,57.68653525559063,97.23885256063471,59,0,9,6.297093495265996,0
17.008558610494706,5,2,110.43067269932253,95.26908383157578,284,1,4,5.084526129929959,1
18.450719958555563,2,1,76.87151607120984,35.51422562245443,302,2,7,5.330769538047726,0
12.993897640570818,9,0,111.80563917349667,32.93378684429692,64,0,7,3.586513636715294,0
16.120462409052084,6,2,97.40910960808495,39.24280692127576,70,0,2,8.482767310573411,0
15.062962003908975,3,4,103.71742610731911,61.243759526011374,303,0,2,10.68518745602092,1
15.48838049274416,6,2,78.00300670142617,65.57637056283279,142,3,6,4.442830552486571,0
11.134951080722669,3,0,79.5974419961567,37.727474435155784,202,0,3,5.706078496830002,0
15.122550871294713,2,1,111.49090056109708,80.52982304719562,207,1,5,5.194834686128625,0
17.489991456227248,8,5,137.74862023024178,44.76425355221206,221,1,8,4.4806262731178625,1
22.25571803897521,4,4,76.06882663208609,93.77050604235282,362,2,9,3.3358590645344064,1
19.796354130426035,5,4,65.2492982170836,72.53781651653844,246,0,1,2.8300640250390456,0
25.765912287557782,4,4,124.53840662687348,54.90809554428893,81,1,1,2.7288054689489516,1
11.163262185559752,3,3,98.69984427769242,83.19296013622763,251,2,5,5.810480051098291,0
19.361603183603393,4,2,133.2199253594381,85.43317008373319,51,1,2,3.9606510435927293,1
15.916710028691758,3,1,63.76811146515409,43.23852844871549,285,0,0,0.0,1
25.94901466608836,11,1,28.82244298306277,47.17716350688675,346,0,1,5.8897164411966445,0
10.958508573224243,6,1,78.67983672694663,94.87641229828827,204,2,6,4.923477435071688,0
10.80139078909612,5,0,69.34589562939937,33.17928306906175,25,0,3,7.693346002802292,0
12.00303677277989,5,1,96.848463996788,23.372033357034738,41,3,1,5.746244794182019,1
4.380521378450965,5,4,74.52619142918442,56.324425808763934,69,2,7,2.0426528073794055,0
12.371224891596196,3,0,129.64067805345798,84.09679201949031,4,1,3,0.5406467185400379,1
11.20433669223151,6,1,88.47398950309935,81.73344850485967,240,1,3,3.5610552313241253,1
15.751968932381038,4,3,106.01897995095604,93.5624503130266,361,0,1,3.7497851586126947,0
16.708779878885796,5,1,106.30538233763775,62.65605314952322,31,3,0,6.886318402000334,1
24.380854196079433,3,2,107.79820369648749,28.005173725322663,117,1,0,4.982258135420853,1
19.75211919093025,7,1,99.03483558180106,67.09511794688129,195,0,2,7.267376996197018,0
12.115481721687985,3,2,120.42402761641254,82.27164914825693,90,1,5,2.3503338885947307,1
10.50792664325821,6,3,68.1737946469677,27.466249621586112,178,1,6,6.930528768760896,1
17.459595857532527,7,1,155.97671706615532,33.81259208780718,145,2,8,6.441978306861839,0
8.398833964896788,1,5,90.53850466525859,20.98325289245367,202,4,4,0.9635317771376073,0
24.15729382927177,6,5,47.53803448405273,67.49220635574483,322,0,8,7.645235682521545,0
20.897200603606436,4,1,107.52293427967092,90.93875135567235,344,0,7,5.186916983532705,1
12.654121739476476,2,0,65.9527807021006,73.65306528016797,203,0,0,5.784089007737012,1
6.434327354545612,2,1,126.61338138035501,98.56320700727856,24,0,2,3.2702077751431546,1
21.769361870827062,5,3,188.38422304169512,25.042692199980927,355,1,7,7.550494025843944,0
14.42730077373691,5,1,68.537116337686,92.2400868121197,105,0,8,2.6282953415222603,1
21.189081559867308,3,0,113.29489332895939,85.12546299093445,275,0,3,6.664184036747892,1
7.0278617060281645,5,3,29.779776451814897,45.13932163996039,322,2,5,6.641214951817343,1
12.003124885231136,11,2,118.15620917765389,97.88212414698015,60,1,3,3.0516651436555557,0
15.026218498590916,2,0,64.5714480080124,43.0350198537132,15,2,8,8.966747198845148,0
15.234902968823711,6,0,75.0066152626207,91.14437790625747,85,2,1,5.463056960435038,0
12.749672642603782,5,1,55.94854040640688,90.45988616593516,197,1,5,6.307785220542049,1
18.114249661737492,3,2,129.2860490421894,80.6126093282378,235,0,2,1.9457584093284885,1
9.661897853087028,4,1,140.2921742989305,65.07763790502815,344,0,9,9.23546000601713,0
14.288102574893532,10,0,100.9354085863403,29.600219969351045,263,0,3,2.5508861195498205,0
15.601478158559495,1,3,65.42293178657121,62.55773875971986,6,0,1,7.04977286553186,1
17.572194170293745,8,0,163.5809214441545,48.543700452394766,289,1,7,3.010456564136609,0
18.55807439044445,3,2,69.98359488981376,83.37736265242813,58,1,9,3.7620223943046347,1
9.376789540810654,5,1,13.518708002902443,80.65033651974758,145,6,7,6.5775080877708945,0
7.329429146321889,4,1,118.33556039828274,92.84900058980841,42,0,0,7.055105427350314,0
21.388384109492545,11,3,55.80901305433933,21.18641299453663,350,1,9,2.457431501771796,0
16.661570059897958,3,2,139.544351739967,84.72825734584369,200,0,5,7.180944338113988,1
11.257567317217232,4,3,84.75449213306325,95.0769642499735,174,0,0,7.089960990266388,0
22.755759877612615,3,3,124.14852962176785,83.14403592865202,335,2,5,3.124093182310215,1
15.578373171464293,3,5,156.06001386208632,30.415556789629335,95,5,6,8.19729518718222,0
20.896485920319133,8,2,51.645645415171124,26.50232838727102,217,0,1,2.086284743503924,0
15.337592407050545,1,0,77.36251476430378,21.667619184616065,111,3,8,3.7504548344447692,1
25.303739624409936,5,1,96.97315709371746,70.29961806624569,353,0,7,5.958005248183977,1
23.77670421221602,7,1,161.50205276137373,70.37381214879099,180,1,8,3.292867430594787,0
13.755179257604633,3,2,73.66469128238218,98.95309713745698,163,0,9,5.5276381713586815,1
19.85785475477178,7,3,76.21985216203971,51.84345392832766,119,0,3,5.48215215760659,0
18.226879747925736,5,4,119.12562302223233,46.55250279179974,325,0,3,4.625851460154559,1
21.843157787661745,7,0,76.91085097157716,69.9539941747514,228,1,7,6.664801077181119,1
10.175382697099478,5,1,106.10103531590467,86.04869380060751,145,0,0,4.543278414684722,0
18.430257299992196,7,2,37.93850316127493,94.94191596184015,308,1,7,5.4630821376276115,0
20.29212243424794,5,2,188.57319770226385,84.24993329432309,142,0,6,7.292943754975806,1
6.206302567884428,4,3,46.09163078762386,54.13391844926438,122,0,6,6.5813724200516805,1
9.083707436671125,5,1,87.12989184039166,70.79313882496513,285,0,8,6.572034581628417,0
4.803839111199498,11,1,98.70075856631621,88.50394613728936,226,0,9,2.7016407955664397,1
13.652965827777212,7,2,176.50752537427184,59.24877506493915,360,0,6,6.049585151002644,1
18.58771127897981,6,0,47.00616876269039,37.334931496431416,257,1,1,3.2430024180609904,1
22.51178526048014,3,3,179.34816541915006,33.57787517982984,285,0,0,2.4371700404439474,1
15.370473902098876,0,3,130.2870728440809,20.01261956624454,165,1,0,4.856587307430063,0
23.143077727856458,10,3,116.68381297692984,77.45903959850274,221,2,6,3.1914096266968204,0
8.099492708925542,5,3,60.61465251928178,28.88777670767924,69,1,4,6.581235437679954,1
6.483087803224226,5,2,122.84564968152296,39.50712797567523,309,0,3,6.6290709193906485,1
14.722261505516906,3,5,71.060535103208,43.83010652182347,224,1,4,1.1947475271371162,0
16.920327244696537,4,3,150.66645012793649,64.83038881094146,124,2,9,3.3433949208462197,1
14.836526259529535,2,1,61.157518835690674,51.83658218366154,344,1,9,2.0804266561640024,1
4.662789499800617,2,4,95.47366022175665,73.97391936185295,339,3,5,4.074741446814219,1
14.554399802436057,7,2,77.78907647947314,24.45109274629622,12,1,9,5.910351339737649,1
8.477652497475734,3,2,60.49908150292021,29.915135541155156,52,0,5,4.515423803643223,1
18.348362744150194,1,0,129.65279267631658,59.93692028266133,129,1,0,3.820481518665729,0
16.83299123048424,3,1,121.41834989638534,46.95718302774638,135,1,1,7.600353053626279,1
10.300601068363225,7,2,148.3604079560399,43.665069020108774,145,1,2,0.39028565480742294,1
12.430665413316532,5,1,28.80499567167331,25.36224632300182,127,0,3,7.473743787036449,1
9.703932390555241,5,3,142.56682809364176,91.65753397984011,226,0,5,3.911423413689029,0
14.68660451363414,4,5,200.21795621427574,75.34548689000405,71,1,8,4.843781979774421,1
19.775711602506192,5,2,81.93435643292213,29.729452545571952,273,1,1,3.945273324559783,1
10.071369768322281,5,2,175.8059444843588,25.20367661897125,187,0,7,8.085776211078237,0
17.520232577589223,3,2,89.47354911760694,97.98980267449944,3,0,8,2.538043006389481,0
12.348711908137796,3,1,45.10361049754772,74.4938040351604,285,1,1,5.023472739443871,0
11.035635838688279,6,1,87.77470230372818,53.39648568749932,22,1,8,6.054877303719993,0
14.46484820022721,6,3,141.92815870701105,76.13848326046279,166,2,6,1.777994464229665,1
9.823788387903129,4,4,66.47294070673874,80.50654291841272,310,1,8,3.160203659107693,1
12.231753473264089,9,2,75.98645363974052,82.39697619110234,363,0,5,4.703642933003541,1
9.010610537055758,6,4,123.74157729172764,58.230184452244615,246,0,1,3.2266699306312505,0
24.823625664581947,5,2,100.12240466954292,54.39062064998784,234,0,7,3.3688164575617003,1
15.176317759858643,5,3,123.38491809946963,20.882246741512027,325,1,9,4.300274673847126,0
11.501372460037071,4,2,109.51318163033343,94.12456921134704,158,0,8,6.299162663292346,0
16.06989955367111,10,3,119.18501278206293,68.26463027111544,151,0,7,4.314564446243711,1
14.438359751545851,6,2,82.70795256761835,36.25231497519745,213,0,1,7.156852388945893,0
13.895152002333885,2,3,109.2692376812157,93.56827355371493,218,0,7,3.0044844346812907,0
18.070833500217127,4,0,62.90507977216266,93.19455214162372,246,1,2,2.496155479053095,1
18.787538550236526,3,2,151.53734490013554,99.13473314928767,303,1,2,8.852690811442269,1
12.347494261947363,2,2,74.62901132730745,89.92452505111831,276,2,8,3.6840837446689774,0
12.1209087967766,5,3,145.1538995019756,99.82275102560519,151,2,8,2.3781759858556804,1
13.62474151424178,6,2,90.65572156068538,39.57489504986181,196,2,8,1.5158921164563393,1
3.4903941763220754,5,0,108.07996043029286,87.37996681593873,21,2,3,7.1502069076178785,0
7.424044689007239,10,1,80.20141796437197,85.84226470366116,257,3,6,4.317390970679882,0
21.834371337222624,5,4,59.360182753278835,38.475228737658696,17,1,7,4.492580529867203,1
23.224838567506417,5,2,30.209584495787936,27.875003920079262,51,1,4,4.6815965768267205,1
13.754819802218108,4,2,57.78703365630162,98.35364109420797,270,0,0,7.025885769339562,0
17.882784815278832,4,1,87.04364587136313,43.68196412164883,315,1,8,4.640940332048159,1
16.556250772717682,3,2,108.47516715315537,89.67134323742448,83,2,5,9.688107557665251,0
30.39440404227619,6,1,140.41517253133054,20.33017237396831,306,0,2,5.267521148108458,0
20.597874557172883,4,2,82.16970160812605,21.681984577568176,124,1,2,7.123569533916642,1
14.360412042596167,2,1,64.72156942931304,57.26970469570947,290,2,9,6.610479715808814,1
10.222297796997871,9,2,42.2914085598915,39.097174714805085,262,0,0,4.9271053594839245,1
6.967768398712138,5,1,119.20254471616416,75.18730267487715,49,1,7,3.8260580279590735,1
16.017318179336115,9,3,155.32778061317373,65.24514604543634,6,0,1,5.663927857133107,1
11.218246273578483,5,1,150.65321071825156,26.198863796039316,117,0,0,6.020197462414546,0
7.888731452011629,5,2,128.3973099258895,33.010263705257366,118,2,6,3.8548279037469455,1
11.767135578787368,1,1,125.54173269070397,51.043941604673144,263,2,8,5.3326777319013114,0
9.592259981928025,5,0,167.90495118837364,34.84832511643465,353,3,5,7.472409956519192,1
23.435708175362823,8,1,113.28325845667243,83.37778777951428,129,3,7,9.139895478139358,0
19.408198784747253,6,2,125.84518704096686,53.2856188442624,171,0,7,6.708738640698843,1
14.960136793416913,2,0,87.16864552592004,27.474549347399943,27,1,8,8.725519372760564,1
22.39972069445013,5,2,45.5182651658097,58.74743218176999,199,1,6,3.7412515775870885,0
15.386841538238091,5,2,72.64604398001694,27.26705448491313,314,1,8,6.4037645041185876,1
10.693578993358681,4,0,99.63363845861379,30.314984433585373,345,2,8,7.677039017162544,1
22.615620386348287,6,1,102.43141490005212,39.16878656225642,97,1,0,3.207333334056008,0
17.694550218423295,5,2,177.05143419421574,88.76221641979919,17,0,5,4.028819775909982,0
9.813769228367718,6,0,103.25108670364274,93.96900258663776,173,0,7,8.4758095236705,0
14.048306609581958,5,4,147.15373776102575,86.10061834656553,101,0,9,3.04980228842612,1
10.621908733076214,4,4,82.59691033694736,46.726177393427776,186,1,8,2.3177399346885785,0
8.08600134517832,7,1,87.53296456939063,41.79571528870653,184,1,3,8.055963147279023,0
19.630887737658206,5,2,46.83969451106207,63.93245526321913,215,1,1,7.393526449960877,1
24.547083202350652,7,3,70.30687948493713,77.74825284264898,251,2,8,5.864240487967539,1
8.007162130904295,6,4,121.07925565455012,99.46982305281398,216,0,8,4.908578490708345,1
17.814846183452854,4,3,100.30240721576533,30.525656950314097,29,1,7,4.122950988790036,1
11.746787154390866,8,1,137.71754479588935,23.943359921904353,102,0,2,5.563897747618102,1
12.56437308117652,4,3,107.25015793380202,75.54847111962168,123,1,4,8.1596139148031,1
12.038030378805654,3,1,85.90185073449032,86.57806268031244,54,1,1,5.477132252284152,0
10.68004615160092,5,1,185.93187455147836,87.70790238931386,283,0,2,9.333918534493932,0
15.242608139724135,10,1,96.24385725147812,74.27708392617285,102,0,0,3.204116028719539,1
10.84524941794481,6,3,146.52003878821216,96.32126432953497,117,0,3,4.960638491343461,0
16.352284128899193,4,0,83.9516317382129,60.88038108356695,104,2,4,4.253882664672169,0
14.748809452754315,3,3,128.38397917534266,93.105183866897,45,2,1,2.8297169136753344,0
13.805259765667952,3,0,137.12062636606748,97.42497095932184,114,1,2,4.6938325339806894,0
10.462181689792011,5,2,108.33967882302323,87.77259656024862,343,1,5,5.83465860332088,1
12.116143347158337,2,0,5.8206830921359085,44.78068506068965,31,0,5,6.04846035990406,1
18.77695612912878,6,0,100.73009843424452,35.69725209362362,164,0,6,9.340904357889112,0
17.504585938121902,2,0,149.21840191039902,63.849605198545476,189,2,8,5.928934939447119,1
10.112223776007244,5,1,121.09923332110921,56.24118003041508,293,0,3,7.300273607359232,0
15.496661527146129,2,1,117.83355500916986,90.22066737541864,195,3,4,5.132188492597952,0
18.756935616858947,6,3,31.109722641699236,28.0025336853723,292,1,1,8.35611120090519,1
6.652973594393142,3,1,71.18179717299765,40.61920490492149,261,0,5,9.79689857117614,0
17.716800961899676,5,0,116.45430524605756,80.14391556149668,207,0,3,6.062170261951899,1
11.686881205270767,2,3,116.41533107147568,27.59893159818497,52,1,4,3.0146819690968374,1
17.852993342965796,6,2,148.5866712053161,45.661153121736014,49,1,6,3.9023899544456633,1
11.183704217287415,6,1,94.20532979415623,50.97243152431865,6,0,5,5.563868606410324,1
5.975589496677404,7,1,116.23296346695257,69.8075037250152,224,1,7,5.912996070501292,1
6.862287810584187,6,3,100.65496967725174,32.65061165754916,23,0,5,6.396850268768744,1
15.24042473330691,6,3,60.52229053993773,88.84835922797676,145,1,9,5.9203953624600825,1
16.29861250860741,4,1,9.768346756210093,55.80337883730194,110,4,7,5.0139698325118776,1
10.478416874477958,4,2,117.24038768520307,93.36173695044452,212,1,3,3.7276031175957427,1
18.19296229388687,7,3,106.95788833651245,57.429593090714526,300,0,6,5.802276522528459,0
6.6923996886552,5,2,75.27299831599325,42.00322071525867,41,0,2,8.709974714961312,1
14.669601006763417,5,1,35.2330777393654,31.34630629501399,172,0,0,7.0398572108555095,0
8.944919001187717,8,2,125.18958057634953,20.299607576902787,186,1,8,6.069407899272396,1
11.740819460989204,4,1,89.36319703217792,62.57259879878685,214,1,8,7.059133847645502,0
15.23699335658207,2,2,122.27498889472582,28.572535754153876,306,2,5,4.257871942198295,1
10.697933173580239,3,4,174.56194121647033,51.33822109049426,52,1,1,3.9834697078333594,1
13.077222278850874,4,1,14.342764787211806,67.14174089896693,70,0,7,3.504429791268036,1
20.0314640460722,6,0,72.01596765190544,42.05487175221602,196,2,9,4.749426754461124,0
12.115540652384256,9,1,91.62497546752347,34.01794338928922,151,0,5,4.155988206581839,0
19.17846056032571,3,4,158.19304696586602,81.97772980874733,109,0,6,7.416549481304278,1
9.35146572671191,5,2,34.543879231740604,95.74329378252965,118,2,0,4.0493531646356224,0
17.649020889576413,3,0,177.43444102722418,28.03523342895728,95,2,2,3.3945565675501674,1
22.207843103289502,2,1,105.43423606265162,32.44722595080063,256,3,0,8.885154357661264,0
2.6417774993635526,4,0,96.15997353064567,96.80101258021749,44,2,9,4.097249537837313,0
11.015523722647616,9,3,92.07760947124375,23.0227377449797,67,0,0,5.307056914500702,0
17.8853606359027,4,1,82.54947871279884,98.21058692403778,156,1,0,5.902645649486823,1
13.984773069785037,5,2,141.9246703707662,20.3715586467991,323,1,3,2.7266137621583697,0
16.855729366856544,8,2,57.25916983670245,89.8934924521065,206,0,6,7.470967539006138,0
11.980074066420897,8,3,113.81656726575414,44.586014479019966,274,0,6,6.274238080822455,1
15.4329489373645,5,2,84.63273337172097,95.08710865418372,155,0,4,8.116768023761564,1
14.221613823039602,3,1,69.51466205943609,45.355623090846834,179,0,5,3.6415561255637994,0
20.838910308299035,9,4,203.43900702735584,72.34450572272448,60,1,1,5.19825158495232,0
16.272104216506065,2,2,116.7620293901384,26.402605581274933,74,2,4,5.07871150998839,1
16.68801331037601,8,2,124.53062178644575,39.38638491629912,49,1,6,5.527776988700044,1
12.940615169387662,7,1,145.51107122674648,81.89434771834006,271,1,8,2.090770502845678,1
12.561968879637533,6,4,43.14600218725811,62.29486829430557,73,0,5,5.221672757384445,1
12.837209060901895,9,1,170.09167636488127,94.23752494296357,196,0,9,2.1470721771525096,1
16.972260711891483,3,3,0.0,54.30011266730834,179,0,3,5.716668142393843,0
12.895077595898686,6,2,69.24934359845918,89.58498926511385,48,1,2,0.7427017509629605,1
16.448874284482066,7,1,81.63873307284399,55.916434998259,72,4,8,1.2968263314188269,1
25.377003993227195,7,1,123.26893459882024,98.33986229615883,113,1,6,6.6370974328799965,0
19.355623517158463,5,0,108.7487306456595,96.78675051191014,245,3,5,3.9063230896104346,1
13.369882339160794,5,1,93.32741037206426,46.330936444486426,309,1,6,3.0242838527355183,1
21.006069610819722,1,1,99.52010621489104,90.87389363334425,159,0,7,7.541691242151096,1
12.959623134892244,7,1,60.87907905909727,87.80890993725194,274,1,4,5.65525243465683,0
4.809377324110731,4,3,40.11070422063307,36.854431786205026,268,1,2,6.744180391067568,1
9.95956844541298,7,2,129.0604648934424,69.94323206266158,304,2,2,4.667515855358339,1
5.646040394870722,5,3,127.74824450144742,25.81458524718519,30,2,1,10.359257387800007,1
13.242432579793457,5,0,163.37977500628233,86.93685764667693,97,1,7,3.79097227888041,1
15.092091895947759,3,1,68.39931612739167,33.96367068027972,251,0,0,8.488991098719776,0
23.382186561376415,5,1,127.7126084120369,25.66517611086116,7,1,7,4.8772679198001745,0
16.634636868820813,5,5,88.65173086541073,52.0175276431049,92,2,2,1.690979210174508,1
13.904497355955678,4,5,147.6189994077393,66.15377108797148,113,0,8,5.9656974914962175,1
19.147027905917447,3,3,140.87851106712566,88.39335668478168,259,1,1,5.629525122910327,1
3.944323454960575,3,3,108.44837596897827,97.93940204173892,107,1,9,2.8973563715215405,1
16.178072790542828,5,2,86.41879373336053,55.15940100558909,63,1,8,3.1555614457305703,1
18.854325969434832,10,2,138.43728714433047,24.835753838821617,358,0,5,4.950604713830016,1
7.607068771100792,2,2,125.87618093026263,79.92924632206964,271,0,0,5.699495630495963,1
20.718770216034645,5,0,72.62238391655269,65.213860497915,199,0,4,0.05867343424119831,0
16.69248203747207,3,2,46.88805306082276,55.83130758755705,347,0,9,7.106242905047606,1
12.923560430495993,4,1,88.45868397272815,44.74151030337517,337,0,8,4.011004052370045,0
18.163909330531425,6,2,160.61655261392838,60.19188222748285,146,2,5,2.3365050312036475,0
26.35346428902198,3,2,145.85948634932151,47.09436835656248,61,3,6,6.882133102903861,1
15.909331275292477,4,4,55.506901213176775,80.56094941978883,120,1,3,4.952764041163087,0
16.24110293150168,4,4,53.28970336400316,63.511495719411286,61,0,0,7.4323315535645085,0
12.70319550229878,5,2,150.98735398717946,90.14782193232895,309,2,4,5.875904525959511,0
10.750778152676041,8,2,54.574563809686836,63.483513171955366,26,1,1,4.996970994103908,1
19.151679082721227,5,4,120.37181294568032,39.0609930671944,115,0,7,4.6945401100396875,0
10.719580870455664,6,2,75.35715138654706,88.08735057857156,40,0,3,5.965425521112276,0
15.357831186096963,3,4,164.68179698086732,64.57752359440352,344,3,0,4.172937482381339,1
12.611712766174417,4,0,69.18300803448484,36.5472830514849,116,1,9,3.294854822507001,1
17.39489912873196,5,0,145.73446120823314,69.88062479649777,136,0,6,6.219818245309288,0
16.66831052643474,6,2,107.39434616241459,48.617341195394204,277,1,1,4.711024317111141,1
20.187699721289498,7,2,110.08779416937146,87.55244898336527,299,0,2,5.067135296138012,1
12.449918005726264,5,3,21.18765674594397,56.26397909172343,21,1,8,7.178759672309216,0
13.650625323533143,2,3,11.88346587177125,78.11530864859334,31,0,8,4.772246784528518,0
10.106181421088463,6,4,91.17736238930745,27.642896610898973,247,0,1,5.030067851083581,0
12.778533699619441,4,1,109.87624253666446,51.68194770418769,27,0,2,3.800700977098136,1
16.88650246522426,2,2,54.992086890491066,98.6593149177919,73,0,8,5.861479867963702,0
18.78494308322676,4,1,56.452263580946315,84.67682315817187,97,0,0,5.699655825360176,0
10.389173379111874,2,1,122.45890519304533,32.79526418935429,161,1,1,6.801550263581116,1
19.3480296005283,3,5,122.51417921828522,42.22112395818041,346,1,1,3.8417423259862478,1
21.778189294024756,4,1,94.49035758448292,46.385264708508885,300,1,9,4.084366060819629,1
17.067174516118506,7,3,131.208068847443,72.02924483963565,299,0,2,6.584274798290939,1
24.38397906279033,5,1,53.03190817119414,80.55958075917245,287,1,9,5.504426006725727,0
11.131054004482134,5,0,85.76260331652117,79.96212870463279,212,0,2,3.187563747614611,0
8.776726483442914,7,1,165.91510423134693,60.78992450451223,76,0,9,7.613108135469002,0
6.106398755478606,9,0,102.73288519759271,84.8656430270521,143,1,1,1.6030988631994982,1
22.480221557445915,7,1,105.05250058347997,54.96624662059801,34,2,7,6.568569506527504,0
18.27182828177029,6,3,192.23786343870958,29.910445223644953,336,1,7,2.4695759280036067,1
14.722076645447725,6,2,44.026313366049166,65.15534733230507,4,0,7,8.771577032971054,1
16.399843131599102,9,1,131.8572146656844,96.18411076808853,328,0,1,1.9108005461887534,1
9.372554763508116,2,3,166.559451192324,83.43949211140091,98,0,8,7.304501303745496,0
27.22875989808413,3,3,87.00568294005815,66.2960518153794,217,0,6,4.836731279977512,1
15.646105909876137,9,0,134.38523147419386,71.74445282792774,28,0,4,4.266794860322512,0
15.546973973024464,3,2,60.71922011156381,94.44496216284581,201,0,6,5.370793312935523,0
18.62883311949346,8,1,72.53070417730594,54.267423554796835,273,3,7,6.263800678315626,0
17.405046158683568,5,2,115.39865664190538,46.51153111541099,314,1,8,3.1911989953382607,1
16.119420121395656,4,0,131.9426669244236,98.17932520003592,127,0,1,3.3684245496628558,0
11.047627722773441,9,3,144.83746049624983,89.07545068082668,202,0,5,6.299209730225772,0
17.357341785679978,2,2,162.7851434775797,45.843486769488194,9,2,8,1.5853140927008003,1
24.41012248237517,5,4,97.30213765779271,57.102447788873825,287,0,5,3.8315418136158295,0
21.727100230774887,10,1,147.74447020690351,53.20625032062392,88,1,1,11.08137390831888,1
22.965933133196984,5,4,86.30780626203403,31.927654293714713,318,0,0,3.0639740708214385,0
12.443921617844074,4,1,136.0836524635307,96.62554590506073,19,0,2,7.295605583519505,1
10.051975898707095,7,1,108.29955191408727,52.3449944975807,81,1,4,3.8280984625723757,1
14.37106539950176,3,0,117.82711628327695,90.02632661103264,107,0,6,6.018090289594288,1
15.278624561443474,6,4,116.9403149608815,35.148498214453205,311,0,9,6.308711381192435,1
20.470957592354743,3,4,35.81179960808751,63.82966485097758,230,2,9,7.257913470365895,1
6.537676851425903,3,2,55.03512564556907,21.916910809941584,112,4,2,4.599492346374449,0
22.64775159730307,4,2,104.1016575927009,81.13763870738468,220,1,8,8.977769277509706,0
14.209960507105054,1,2,32.50883681435326,66.47311185970227,123,2,9,3.8213268708296395,0
12.8655946502629,2,2,133.24844412799024,70.04716667758021,244,4,3,5.46844082719912,0
9.939478123699162,4,4,134.86223865152567,24.137670604372275,178,3,9,5.490553864435215,1
6.725716640671154,5,0,113.0868221151116,36.88306641668923,65,1,1,2.7560637601011693,1
19.115852919809573,8,4,55.15463948968311,25.946469788286414,3,0,2,4.428255490041758,0
15.366589835942019,7,1,155.2055575547406,43.11314526430494,207,2,4,5.323026998476815,1
8.55019550129473,7,1,181.48842558873432,70.19512061457208,21,0,2,4.135757913741161,0
8.52460613968192,2,2,105.88307309783896,65.29487874539001,293,3,4,9.88184793091307,1
13.321076503549358,6,3,120.42141513804945,68.97198572907122,15,0,3,3.3227526528009386,1
23.345107626446964,8,2,108.06954619184175,63.940101710231545,343,0,9,7.358848936280856,0
13.702043243181976,6,7,121.21476755995197,41.84230365406875,206,0,2,6.712919626297573,0
7.4842852344094695,4,5,95.21764973494416,39.56059978755402,202,1,5,4.972275730991457,1
13.771284679570279,4,2,98.61743040624786,30.964774682926503,120,1,7,3.2695818922955064,0
13.636382151261648,4,3,136.22870401989462,87.92566999227937,137,2,3,3.46348935921646,0
1.5155667852921422,1,2,193.82496647585762,69.31834868329956,300,1,8,3.9640654015669803,0
14.728525667410938,6,2,43.99715062393045,34.92088100032478,295,0,5,1.428517436107474,0
13.84532734895661,8,2,95.84750062388133,34.176750385699165,25,1,4,2.993069148401419,1
18.48103182406709,7,2,52.781580590716715,89.84284812209094,312,2,2,2.035046969272715,1
24.244780474726724,7,2,163.68099594304334,79.41846910106554,234,0,4,7.691750006355433,1
20.632825147738785,6,1,76.49048122720407,72.75192639242971,121,2,4,6.236924784776437,1
13.655556547225848,6,0,42.27196824856824,52.549128603143984,90,2,3,6.57194819773092,0
9.467370456291649,4,5,125.52747995394293,40.95804514228141,320,0,5,6.177663903083896,0
27.866799016249303,3,5,169.77244458972444,98.3560610490259,200,2,2,5.333935246668326,0
15.296092170072441,6,1,126.5439147424305,83.77916600182402,180,2,9,7.921360664258274,1
15.069646459564732,3,2,108.19191509127668,44.142337850902116,345,2,0,3.7784746885365257,1
14.879374564449984,10,0,116.36563691103976,87.80518370227958,76,0,6,5.2133393107340895,1
15.990423803839274,5,1,156.59362651302217,80.71455588917452,137,1,6,6.494117655648246,1
14.278197940380288,6,2,65.032029199434,43.76644399023987,138,1,3,2.357581536287742,0
12.131689965598818,6,0,95.52611583654748,54.124228339331175,10,1,8,11.193177792285098,0
12.265705293798039,4,2,81.89239405961867,34.876275631282134,201,2,1,5.057131525555172,0
14.836233648920008,6,4,53.28538770833159,28.884195550248748,318,2,0,5.283978901151185,1
12.282876144331176,5,3,86.8649896233279,77.82096262717573,346,1,2,7.5137560633498435,1
11.435771086614178,3,3,144.30884383929794,41.40094858830933,219,1,6,6.829910666020448,1
15.532151138459485,2,5,122.66408593570901,85.60474925970028,60,0,8,5.076156038792918,1
13.725113912895724,3,3,125.77242000432801,99.64869692115408,147,1,1,5.260258876196084,1
22.519964942913443,2,6,105.85902446613272,26.129585114371892,107,1,5,1.991702938104042,1
1.745150958034941,8,1,120.93295130914355,57.84281000669602,38,1,2,3.8870684443000476,0
20.45753425961231,7,4,67.97638630607578,84.16500474486425,134,1,4,6.034420432317921,1
21.230425962488145,4,0,87.61960456291084,83.11607172329869,221,2,8,5.887785678085773,1
4.633048837959253,3,2,107.68016947874708,80.79977266647748,303,2,2,7.442331500008174,1
13.286562029598256,3,4,111.10063435527562,47.919594824152874,133,1,0,4.75899788355335,0
13.142795670021043,6,2,112.80751419687492,56.308260454804184,334,0,4,2.2254269731382674,0
7.962441526410894,5,3,94.46658871934488,67.59746858731762,53,4,0,7.113460861551356,1
11.110916562045624,1,0,84.90306395478682,97.91524668586058,62,0,7,7.872178692364032,0
9.447120772670857,8,0,226.3108513217719,46.20378167507943,23,1,6,6.796489145712458,0
23.761352217118116,9,2,136.27149091729595,93.85151101734861,44,0,1,4.6727326582850175,0
19.678391965737305,4,5,116.5258990381049,41.54855345443953,308,2,8,7.088772103753158,1
21.357775474970794,7,1,90.67166007174424,99.12595723789637,46,2,4,11.857820956016427,0
18.608360320216175,3,1,81.95124692224493,73.62109494620734,147,1,6,5.230304628880951,0
9.354741143913854,7,2,94.76797625092178,57.08091842868407,216,3,3,2.376526615509751,0
12.377398668601131,5,2,111.71315374346733,69.07123424508839,340,0,0,3.8274299008956962,1
17.44687280613959,6,1,24.78257823747674,41.80249352321654,47,0,7,6.250952000608102,0
8.889360955540273,8,0,37.22441618501265,41.93390860091733,347,1,0,1.7903913782038745,1
18.56499215086194,2,3,74.5247044424417,29.08436350747951,308,1,2,5.338806149824139,0
13.798373009209325,4,1,108.28557747114274,29.1240238164319,24,1,5,5.760673300631765,1
13.125895962252013,9,1,90.42907411392595,47.813739317512905,145,1,7,8.070243479625304,1
18.554799841017456,4,1,159.12484904397937,81.02843823170973,89,0,7,7.620389712108601,1
17.2213165574302,4,2,40.70412852016925,68.63769340785299,174,2,1,6.729169583503542,1
13.1951691709046,3,2,69.94618121586518,28.206764826481667,64,0,8,0.674641978970941,1
20.79664901682124,4,2,160.80366963964406,88.17892199807288,119,1,3,6.8421062560958505,0
9.594683362000513,4,0,105.24477298700587,68.10941015920531,223,1,3,6.4110267721204925,0
18.07967803472132,6,3,135.39370331204634,96.86844614278237,156,0,1,5.511888754156693,0
17.96550628984192,7,4,182.04987773077852,73.6148373928966,178,1,0,1.539555747709029,1
13.452267803430049,3,1,72.24782328392709,34.013989096334484,320,1,9,3.4464521816258795,1
16.63066511121059,6,5,96.02742648831872,57.90266898462578,342,1,6,2.6663544609318675,1
8.744432118073485,8,2,89.10292396276513,71.87980780377633,56,2,9,0.9699831209858187,0
19.620135096034506,7,1,21.81627982066898,22.261176083998215,59,4,2,4.994169697170411,1
14.075489317785054,3,3,87.58412784976124,21.19282113238463,220,0,3,3.4043557571144407,1
12.386384897404803,4,2,135.2424874952266,30.35224004788543,185,1,8,10.250611160537822,1
20.245046129184445,6,1,121.62358167248964,40.13315480363766,47,1,5,4.662456121124181,1
11.478281547286205,8,2,124.7633267755204,54.363929881654045,102,2,0,7.587506311731921,0
7.957693518182202,3,1,84.97964077442002,58.99523790078307,44,2,8,1.8618019506135508,1
7.216854132380481,4,4,73.75611055977434,31.04220871503174,15,1,8,3.9398208279902605,1
18.030049756728197,3,3,150.77022687594481,73.87132632926647,236,1,4,5.193795752068629,1
8.597853237518585,8,3,80.10731414569321,67.69104493572279,361,2,7,3.183692102784659,1
23.77397090992182,1,5,111.76328155172857,43.557127907292816,51,1,6,4.155598630390512,0
4.59035296058139,3,1,106.53338722710154,21.092790674823362,309,2,7,4.564098187512923,1
23.48228184145019,7,3,158.46868065028474,26.21183322826326,34,1,8,4.532184029110211,0
16.05508733601309,5,3,138.85649430689438,51.33558204086715,124,1,1,8.710237146070693,0
14.516434440648037,9,5,48.18965517331517,32.317948093254714,77,0,9,5.75645257086302,1
12.275404565955252,5,2,52.497873328998395,50.145568491837665,123,1,4,5.9590211258826065,1
16.995680571760353,4,0,123.15639272276536,70.25460836082841,205,0,7,6.079309548690141,0
14.811826487875758,5,2,97.42649410483334,63.77899423034268,228,1,2,6.225252754674225,1
20.516509410082605,7,4,81.79312864184945,38.49407065099154,70,1,5,4.834226032250269,1
15.571138243310198,3,1,140.62511535977882,47.50579930070019,230,2,5,4.358507257042308,0
15.751508807309389,6,4,107.49837528355643,69.12249587589204,21,0,6,5.3336321190365545,0
13.18193893893072,7,2,102.09829547557776,88.8684022434759,108,2,2,7.313607897826945,0
14.715271881394663,4,1,131.193145630202,80.25707509911018,364,1,7,7.252476376872767,0
16.539008844460295,4,2,84.99564020225742,64.2720021466732,241,1,7,4.519203048623178,0
6.449158036716872,4,2,162.74075941890217,48.9834398653189,251,0,8,6.535687389336223,0
8.259072889471435,3,2,68.47809507067967,49.20410220334443,135,1,7,4.610830673920664,1
18.716320470113576,4,3,126.27716265368352,90.35338482115168,90,2,2,5.0677410988704885,1
15.85432719063971,2,4,157.3533135463938,23.13948608324371,79,0,5,4.0529532368916055,1
14.080083318236603,7,2,44.908180429116,99.03861155362088,177,3,8,4.636709722187533,1
15.092169665326965,6,0,86.26659296590203,73.15003286812498,298,0,0,7.68266013909936,1
16.737908526808354,7,2,145.68829571542233,74.49101592579125,308,3,2,5.1848422946784725,1
12.301201598453193,5,2,146.28978190924101,23.039826984379374,102,0,1,5.270565017104635,1
11.108476372988436,4,1,93.14017598447043,68.44234199130177,361,2,7,2.1055644414840833,1
15.979226275488408,5,1,70.61315625292562,58.782244807235756,335,0,5,4.38151218473454,1
10.10813611192484,4,1,138.2374328932305,28.462312551525358,112,1,9,4.517370192510542,0
17.041263778572358,7,1,147.3419641032642,42.233760861548724,181,1,7,3.3417130291131896,0
6.487081978810798,5,2,53.41346605950421,91.2251564970921,104,1,1,5.0433308234071275,1
20.14577818662822,6,1,51.84345404134479,63.99907326927624,16,1,5,4.141635419544691,1
17.362987412065216,5,2,109.01026727934398,53.0733260139127,96,1,6,5.159991710487164,0
16.28014867156938,2,4,125.17442533715568,25.814572467264874,293,3,7,5.2430060196378685,0
19.91345491972757,4,4,88.0372365907978,77.12972219218445,146,4,8,3.088491284354711,0
23.32737222231288,4,2,127.17175279929397,76.2280658716826,302,1,4,4.202596435033621,1
20.07185032509065,6,2,71.59453572650472,69.12348855780508,2,0,2,5.154748565521667,0
5.795628843341774,11,2,15.412256037050582,60.82101169765194,119,0,1,7.368598862313451,0
8.602115166321493,6,0,83.04395710669615,54.70275217658981,343,0,7,5.5134383455914815,0
11.875907111521606,8,1,102.52928586052404,67.46168743903938,94,3,0,3.6761296401651444,1
15.130455251054169,5,0,88.96640160414174,38.67163613827253,191,1,9,5.798009518487705,0
17.588295102345615,3,1,53.655869453620596,95.30072513421182,3,1,5,8.41509777864352,1
11.371280934232672,5,1,27.374040964847296,67.10356233441837,111,2,1,6.833412945178037,0
15.933833822385392,1,3,79.43644782528409,44.89539554835012,177,1,2,6.0950530608712405,0
11.223085338233387,8,2,135.90623086598976,55.97438807081258,257,1,7,6.451180350964643,1
11.942410985040258,6,2,150.2478975765473,84.45478311015138,361,2,0,7.879908082857261,0
7.966694515758888,4,3,147.5085353655382,32.9292848584238,22,1,5,7.1512535880353205,0
10.383833769445479,7,1,67.36361859405788,43.42684979682083,220,1,2,6.133520762235316,0
8.241576971918331,1,6,53.85174705478544,74.36064181892444,173,0,5,7.13728443918017,1
10.120633735113337,7,2,119.8653845991958,45.23913651857791,224,0,2,2.8366978074718783,1
20.268208983039198,3,4,125.40400046391701,83.40013454891728,65,1,7,1.9954694953194378,1
10.253005555840286,9,2,116.0067842080199,30.436278974188866,277,2,4,5.314197301287661,0
28.161910324186955,4,0,19.437469030489467,81.01489363636868,249,2,3,5.137361419301077,1
17.466589504404446,2,3,65.32461660466134,25.468137188045297,260,0,8,3.9121798929734846,0
15.92418061847437,4,1,98.81244838856087,21.00740901339958,131,1,4,6.651705339655419,0
10.708211099093933,6,1,119.4887277852171,91.85788150657297,113,1,3,1.274272827097528,0
18.501549397044958,2,2,130.69229450409946,66.50713735458389,286,2,7,3.9304554878843927,0
12.121810868811131,1,1,105.7701408912816,48.14615176694492,287,1,7,4.03008891024477,0
15.610049073226808,7,3,113.23135226152944,38.60757095710803,211,3,7,1.727396429801081,0
27.800422691343975,7,2,103.39461833444416,69.35086266086529,20,0,3,7.989462014538608,0
14.51970050137675,6,4,127.42477496873931,60.72017468293906,215,1,0,2.281597462673354,0
20.74636663142838,8,0,112.51462605963644,99.32782204239882,310,1,1,3.8233198853846284,1
11.484117874370563,7,2,102.62950640189149,98.65727893229966,251,3,3,6.815959515610268,1
14.825057547515192,5,2,89.26524803450476,70.80196529132877,271,3,9,6.292090686857463,0
23.85400317817755,6,2,103.25165700169924,55.42964048847124,180,1,1,2.783650607030507,1
11.865164711061162,6,3,119.383655153571,59.291277530772966,194,1,9,6.364978418521273,1
24.062242789984644,7,3,110.69901555592244,74.59832529894896,313,1,2,5.579568957316444,1
18.538759677277376,6,0,115.23305673381014,28.12596353883051,79,1,8,9.666071124222935,0
12.187666120528661,3,2,153.70887445404742,46.268165904857455,180,1,8,5.807880832136609,1
18.162038695277605,3,2,110.6065569098635,26.021779280288307,163,1,8,4.717516357862936,0
19.86277224813365,1,3,74.0400591810737,25.868860761353567,202,0,6,3.286996085761155,1
18.10904981108598,5,3,135.34427143976677,35.6671393515387,14,0,3,3.5115132660888575,1
7.148876400547718,3,1,45.3520664932433,58.82026036745815,347,1,0,3.348461809063684,1
11.364314120875658,9,1,56.74346477042852,82.78194569302315,246,2,2,7.742197627823844,0
13.762406822242475,8,2,113.43389058880277,58.8396712932698,14,1,7,5.035939830032941,0
14.627832854499768,4,1,120.65586671146315,46.83812884486958,99,1,3,6.13049424794946,0
18.103360487753392,2,2,50.1979510598402,26.58823922694065,33,0,9,8.028495199961775,0
15.88850500466627,3,5,84.68730076053001,64.02364185465036,257,2,9,0.28307171558506994,0
8.323278206449494,2,4,75.75664671121365,41.70148691865414,34,1,1,7.55774752940075,0
16.900989255029817,4,3,80.53294708473612,69.1947342333718,19,2,7,5.110793823566668,0
18.052928726419115,4,4,137.74391105091783,98.17501913059347,152,0,6,5.870096743280889,0
17.7989522396552,5,0,128.2602185418901,28.90514571820401,260,0,9,3.343193556503498,0
20.403903627773108,8,0,99.2351128058517,36.97003189775519,164,1,8,3.489751203102963,1
19.16961077274452,6,0,78.16152291540288,57.847563047949976,77,2,1,5.977691779625975,1
17.295900396142184,3,1,46.01401319119438,97.48910522767436,314,1,4,9.76919560066294,0
14.649171442706765,5,2,156.80739755127794,81.74478210159964,137,2,5,7.006626625629803,1
6.6951953324200435,6,1,123.68455601139674,91.85833545302641,359,1,1,7.531045842837081,1
17.148091095662927,3,1,71.73323583707437,46.69718787806343,208,0,1,4.6159974594771604,0
16.038438435815557,8,0,128.78397990499565,99.36307790228756,242,1,9,3.799591550828744,0
16.357894185976868,8,3,97.19105517701497,28.22662528513259,67,1,3,3.438390096842013,1
8.616257120898453,5,3,88.51561980550629,24.237832483688067,116,1,7,4.023452550606624,0
9.594717297958688,4,2,117.40846113158409,88.44821016432225,202,2,4,0.8944351336589493,1
20.26576426666452,2,2,70.34007000349101,94.1811896165589,250,0,8,3.5501613142167963,0
14.802224230716725,6,1,86.2497392195956,27.24682860368814,278,1,3,3.8792936878803137,1
18.40750348686312,5,0,104.85844256798184,29.07419413966732,112,0,2,4.649283651210318,0
15.141591880652307,6,1,80.02195228459146,22.653932620461905,331,0,9,5.263500219494583,1
15.148780697478726,7,0,126.76340841070096,28.360605011417928,234,3,7,5.724901737251221,1
19.691419029879988,3,4,174.76266014713042,36.75358534402247,176,3,0,4.97014925511408,1
12.419776358913131,9,2,69.82807469571429,97.60612951280008,143,0,8,3.837113827314486,1
15.480603884704918,2,1,33.39498814783822,73.42881777917444,32,1,3,1.0732827134689589,0
12.688623556474788,0,5,19.930393300949532,82.28424204148337,181,0,8,3.8493827831964134,1
12.827518862838422,6,1,93.98127434020071,82.09115229532176,67,0,7,3.0550987246259895,0
13.454139382656804,4,2,73.4734163949527,62.805899982337166,4,2,2,5.932133496557207,1
16.110668858168566,6,3,108.31442004268322,83.79911821704138,286,3,2,6.818574793387388,0
12.606256891682612,4,1,105.30390688104404,67.66460259119756,269,0,8,6.877142134119879,1
21.278780627867604,5,1,35.87132613543615,45.163687808268605,236,1,2,6.51390547225564,0
10.526963488902481,2,2,27.404646820743764,64.88880870147206,277,1,3,4.732948529095023,1
14.065641779193205,5,1,111.8373296138438,62.68068689076108,41,1,8,3.9560888690482066,1
12.801344708629125,4,1,105.41715338879828,85.87624430074565,121,0,3,3.5057944926658675,0
22.234889421768663,3,2,82.96728006533795,98.53817739053272,275,1,2,1.985002166796499,1
15.982773882557874,5,0,33.71425659470782,52.883405233674445,231,1,6,6.983707401015716,1
20.159222697343175,3,3,118.85565051059963,81.07125427530877,304,1,5,4.650577924140051,1
7.572198134815141,3,1,150.87598181695773,27.981040323050685,86,1,0,2.5073194127582523,1
16.335251329346296,4,1,111.1192976087569,82.14650955586308,63,2,9,3.3470172485795304,0
19.448153978117183,8,1,66.10104437739741,49.71335295945857,192,2,7,3.2660530871348956,1
15.411419946377121,5,3,101.78208662284605,23.151213031174933,293,2,0,5.086048970030253,0
20.327401875326757,4,3,45.3554367626526,49.05969428497418,31,0,3,7.134935702141371,0
12.413557749498139,4,1,142.3184285535517,68.85142007373159,330,2,5,4.304020900808833,0
22.0467372009279,4,2,103.27377338118156,29.540013414517325,146,2,5,0.4949329704327017,0
26.49449061809625,4,2,29.273723529870722,93.92275939442037,107,0,6,4.62163932968216,1
13.185807197801704,7,2,87.97302558225269,26.213793061827086,359,0,4,4.687612199805608,1
12.77248739299614,8,1,118.53206040936924,94.4005375866533,110,3,4,4.550159538128956,0
22.266922385588504,7,2,86.6780951609791,76.57100143485492,276,2,3,3.7450776670485966,1
22.897860728653562,3,2,88.96417114239304,46.37697403313629,210,2,5,5.434878161451684,1
12.385699864233658,6,0,51.02391171810913,51.26002781672746,139,0,6,5.132282230298004,0
12.899065914520714,6,3,122.66163948326624,79.26474917861952,86,2,9,4.950339371746706,0
13.591076955697464,4,1,74.06123199923451,68.1176880704966,44,2,9,5.825282722885931,0
8.277747444828615,6,4,13.742184919798689,73.73143371639561,82,1,0,4.140334353704293,1
10.406740267579009,9,3,85.14970517318424,51.1331693210784,64,0,8,4.026828660598693,0
9.97929616623966,6,4,139.24598862281414,59.02507854460792,343,1,7,7.7602465791708,0
11.161012174479357,4,3,84.5228221360021,99.18939872303147,321,3,6,6.118710819430872,1
14.826575563066093,6,0,169.51939940494083,37.11382963997742,55,0,8,6.653892121885599,1
16.171073662682602,7,2,117.15871794194068,53.428494921770515,74,1,2,7.452209170668137,1
22.752502464070385,4,2,113.55032649121465,43.345855005917386,129,3,9,6.0518883612496,1
10.008229796306045,3,1,94.86406936329564,81.20892083518798,256,1,3,6.856777358272343,1
19.921611992382918,4,1,97.26855168942838,81.12101005325766,231,0,6,1.8413096758594794,1
13.930055778872456,5,1,89.46305459521984,43.39563687979167,137,1,5,5.408307743992054,1
14.752681451737836,3,4,87.90922431669894,26.51122533063863,351,1,1,4.634563076371345,1
18.37409746083302,5,1,121.23468648268596,20.914614133776325,355,0,1,8.35536818179962,0
9.386389892188507,3,2,62.56675080837738,54.19604265939884,112,1,9,6.8552910636066,1
16.912048730920255,5,0,56.964246851029614,52.82700754686167,308,0,6,3.7391096184136403,0
15.83226104106528,5,1,55.072197964984895,99.07119029118904,146,0,8,5.745588317058412,1
17.462256320040744,5,4,181.82618190708615,57.58416605581437,33,0,8,5.3353626668984795,1
16.44584321953909,6,0,121.2137160668232,40.51346956603365,260,1,6,5.908662866304457,0
27.27650069955447,6,2,112.17968806720579,91.29835528251739,87,1,7,2.9623150612506963,1
11.81130007874342,6,0,57.69941318826274,59.28543597228628,331,2,9,5.72003293047645,0
12.345015224990911,5,3,124.93369202699314,67.93405081684622,265,2,2,4.543697301423531,1
11.884297367876178,7,2,95.33714614186685,27.653496834257012,320,1,0,5.564899528111201,0
12.222614404198726,3,2,108.56675764526999,50.633312586381926,30,1,6,3.5512296697556605,0
11.813064363467412,5,2,60.93518736545776,95.53789395790294,232,0,7,3.829873657206801,1
20.94508265553776,7,1,106.41075429670306,67.16043073403404,76,0,1,7.347684040733405,0
22.102521239949276,2,2,83.04665847174067,47.56014841139694,129,0,8,2.896904883319678,0
12.14626853125262,8,2,69.37555371879249,70.05337445052746,271,0,3,3.044491197915903,1
10.838222134478857,4,3,129.36425343228996,92.8328871662493,89,0,9,4.896837485568844,1
17.35707778193202,2,3,38.491687658799904,41.91924803780721,170,2,8,3.4562192496280906,0
12.238884778595143,5,1,122.59105057256602,60.40933747765395,128,0,2,3.2299427354744026,1
18.164659088777555,5,3,127.37944534211985,96.69525231294043,174,2,7,5.21015194241659,0
16.0146151042565,4,3,64.81425297795037,33.79169146387621,26,3,1,1.9898682861925905,0
7.42127942501384,6,4,67.1868615547013,77.57311404773692,61,2,2,2.984075530172724,0
22.737526006650306,8,0,91.0789727493439,69.1584806562386,67,2,0,9.108191165847288,1
23.97938836547761,4,1,111.28144841848882,74.37401049125079,26,0,4,5.918950117938018,1
11.936056547578069,3,0,93.88580032743099,48.097570453405574,83,1,3,3.506873295460178,0
13.06149220032008,6,1,117.34249840767518,45.11034987870119,364,2,0,5.836430156532394,0
16.429326953624525,4,0,170.51918610149596,74.73677364706964,60,1,9,6.134660953973259,0
16.672283949935125,2,2,79.69132923401145,37.24346280836363,39,0,8,6.988828840180477,1
18.29272136336415,3,5,31.392801171863184,53.57237958872041,123,1,5,4.745687941086539,0
25.051022693831747,1,0,133.03694332122612,35.05397168423344,292,1,5,6.952995405545779,1
14.115263862529753,9,6,167.3325830371012,20.66438728986638,277,2,1,0.9231069502356544,0
11.008513777307732,5,0,115.71073452204497,97.60458880304556,304,0,6,2.8873837390484938,0
8.103403859927365,3,4,56.49005298585328,54.536238292513524,282,2,8,5.327742803472911,0
11.345349800290405,4,2,95.04430547059196,97.54796915358602,191,1,5,5.659267065615583,0
14.834365135631014,3,3,55.25906063153471,31.225881581426087,292,1,7,3.1764354246627162,1
23.97278931758894,4,1,125.71421975851791,66.98934235659888,152,2,4,5.518839982526318,1
12.411943504819142,6,4,45.94838389206262,36.077922623299166,233,0,1,3.752319502625479,1
16.118939758194493,4,2,87.994848526872,83.20593015706197,146,3,3,4.446081811545668,1
14.91788551963624,2,1,59.82648694824374,82.69623910087802,271,0,0,7.049547601330022,1
20.94196636724042,6,0,105.07298740539848,29.00857192314494,335,1,0,6.817874993777199,0
27.63466212936811,3,3,85.3463329144897,92.96515623011113,134,0,5,3.005879345273475,1
12.345656135398396,6,4,107.07048413001056,35.57037177625797,171,1,1,2.885497075959793,1
12.55280278740889,2,2,100.89402219865462,69.03818732714882,28,0,5,4.177653208893368,1
20.22080438534536,8,4,60.53363889103559,98.85068960701632,136,1,0,4.94650739765415,1
18.40945744813156,3,3,125.07508254116087,90.5917227813091,241,0,9,3.684203022850518,0
24.23353662868017,6,2,98.0493739262754,96.52511428489352,344,0,2,7.081284885599336,0
17.919640926629818,4,5,60.458839685363984,47.40790169744955,228,0,8,5.69477968341711,0
13.203539546064702,5,1,189.6370622482317,28.44605137755707,287,2,1,5.812170219748858,1
17.953274153461546,6,2,119.05720666868498,35.06774986315601,303,1,7,2.4669223421100566,0
20.543517902914537,1,2,93.86957786402778,60.03959160612911,34,0,5,7.33458143476756,0
19.102410905986822,5,1,156.60818106807295,83.45837426186577,2,0,5,0.0,1
17.53637015553649,7,0,173.6726243754643,32.012291534710016,362,2,6,6.668110903698738,1
20.333373447945768,6,3,94.1860231074446,72.77852258086057,195,1,4,6.8686234753415425,1
20.846477952228362,6,3,113.89589945739048,45.88620832316095,94,1,3,4.135197625444077,0
21.910794955187637,7,3,60.47988727988236,47.29616579137228,328,2,5,7.545820434494848,1
18.243549437948214,4,2,94.11228996927954,72.95341841263411,308,3,7,4.8738048940913075,0
14.164409598415729,3,3,92.0374978496052,57.359953562657616,135,0,3,5.124863406654886,0
15.733568432166614,8,3,107.39308134486616,84.96266344207952,204,2,4,5.679057574808432,0
21.032544832541785,4,0,113.31041914548041,32.47348077302617,250,1,6,11.37314982362211,0
10.91532164506382,5,1,122.39313795312239,83.19586158136308,147,1,5,7.688867816166009,0
16.843366544364507,5,4,109.50570625199836,25.13881984459367,346,0,3,6.402262401425836,1
13.033305938363197,3,1,51.57029493483342,35.5243104196484,348,0,3,3.1743910267976103,0
15.143724114674088,9,2,62.461315770356606,72.49197716025323,254,3,9,5.287179650958985,0
21.392259313036494,8,3,78.14369522145307,88.3940525208857,334,2,3,3.373751812307227,0
15.955495340099517,6,1,88.71037632307085,40.21437021914792,176,0,0,6.644221694565626,0
15.232182740780743,3,1,142.03097161888454,46.17532846631303,125,0,4,5.280933951469714,0
8.200719295100404,5,4,53.48244052588348,62.969659862939196,251,0,7,2.7509566407722095,1
18.731267830136105,5,5,85.703398073172,36.925824519144186,131,1,6,5.162249166837006,0
18.227420905705376,5,1,138.120379928562,84.89250092700046,50,1,4,3.301165060567389,0
25.8162736165273,3,1,88.0049010201355,81.89093160046086,93,0,2,5.302432442675094,0
13.461108825234996,7,5,118.41662599371296,31.62333695726253,310,1,0,3.281845367269487,0
16.095751638319694,3,0,94.41831828288386,57.10637854533057,220,1,6,5.054975266721626,1
16.246918418553776,0,2,110.27133029298892,81.98622133236971,334,3,2,6.500939723870189,0
22.887266398817374,6,1,90.86109824761837,46.98636248827319,334,1,3,4.893896016149788,0
14.52352233806524,6,2,126.68261890913416,70.64854581741854,20,2,4,4.218223465655223,0
16.395107628851697,4,2,38.19774370374259,24.01704971660582,205,0,7,5.406552442114926,0
18.039482548582697,5,1,85.4675196644582,68.69510084234544,91,1,6,6.394365241585706,1
15.93304561578179,9,3,111.86290706777233,32.21223840004856,355,1,8,2.785633460236479,1
12.767831927247359,5,3,121.34780992024773,86.4466660091561,173,1,2,5.521312309410405,1
15.970449964491538,4,3,159.7181049101531,48.43595708643828,189,2,9,7.6350816380348,0
20.36815874929886,3,1,84.35901332537695,42.52430901825566,312,0,0,6.14731392655343,1
9.8674235029447,6,0,159.17927047443493,87.2711181369188,2,0,0,5.115508293334456,1
15.66484837073438,2,2,73.63904693361317,24.011521845744817,361,1,9,6.279475013397789,1
11.499395925304134,6,1,153.14585646178574,51.728703946747586,168,0,0,5.904992912205365,1
20.975233144624212,6,4,132.6986850679349,49.60028324600251,24,2,1,6.5072022183196285,1
7.384065476081126,6,4,63.46165681471109,42.78402993996407,68,0,1,0.9521367780341112,0
12.205390763642058,5,1,112.28156949007287,92.94034656011816,194,2,6,1.8930877326734694,1
16.886059375322603,3,0,97.95056657871234,80.07427148133777,84,1,8,7.009658298966475,1
22.827620146171704,4,2,125.02338374700003,25.1138531353551,207,4,7,1.9894416476771188,1
14.67124869463506,4,2,91.06913646266761,77.17499595479633,49,0,3,5.8030772714384105,0
12.224002366534009,5,4,87.71015097353074,62.183930650303516,32,1,1,4.295900687935417,0
24.40578534720295,4,1,154.76378331051404,92.06943155212633,317,1,2,3.0076215088080063,1
7.75993049791878,4,1,96.05116422177308,45.03564938786867,170,0,9,5.699299514294947,0
4.005970216899591,5,2,133.05689296767065,65.93295996876662,129,1,4,5.402067007433141,0
17.20007225026666,5,6,90.985940598232,60.060421979278885,102,2,8,9.220685304192756,1
12.489728878236944,5,1,166.66653036910094,59.16487249820846,35,0,7,3.7503775909282213,0
9.893835914346434,7,0,72.86661482658026,56.48843196137701,307,0,2,7.880220240138348,1
18.541782236496765,3,1,75.4342587501126,36.4503580425825,199,0,8,5.7048458287686294,1
16.219003568855996,2,1,160.98068724463613,80.45679379939142,301,0,9,3.677956236914575,1
12.179606846316357,4,0,82.20214436418989,56.10688261914309,77,1,2,6.59849291503449,0
8.598478006645529,4,1,164.0429722465757,96.68130200020846,321,0,9,6.131477008907902,1
19.362286641400722,6,1,135.67362318379253,40.8646741754221,14,0,7,5.071686589716099,1
18.251005889793305,3,4,93.81401173756666,74.61950717016329,349,0,0,5.532590712881247,0
14.504120681103085,5,6,27.468261119313667,95.25736637112868,131,3,3,3.8060259379089367,1
24.233184980238327,5,1,99.22726782912657,73.0766658412874,238,1,3,3.3484257494909864,0
9.649576168369236,5,1,104.06520214133698,89.70183260939157,280,0,5,6.518884347645166,0
7.372374145376305,5,1,146.6887093321749,86.19847678056048,65,1,1,4.552121151373452,1
11.540459650593778,3,2,163.53788704960448,48.80941723912031,138,1,6,4.8398340035018155,0
14.772069918222511,10,0,72.6005128342501,68.00991519515972,269,1,4,5.559643191888554,1
16.21669724661346,5,5,132.0472705595273,32.50090718490845,228,1,9,5.530576689567616,0
13.793819710718351,4,2,130.61608624053397,62.84207061564796,201,1,5,2.1413470580518705,0
16.760276982571483,4,2,142.9365080964178,38.43375774514698,142,0,5,7.572504172909717,0
8.74230287904778,7,1,119.94759648542178,79.49894519619565,100,2,5,5.242364303801357,0
22.218823020366298,3,1,22.30009236152921,62.244673751369966,138,3,9,4.594693474355701,1
14.589244108037157,6,1,93.7831026988896,52.89818901053284,168,2,7,5.861692010339493,1
20.586479157940637,2,6,53.77169700332339,41.503767693358206,99,1,9,5.473084387229726,0
16.71362673188852,4,2,91.89576908327705,99.89587854730294,311,0,3,6.534125378979404,1
17.283766095768918,4,1,139.20016944535575,25.736841670794615,319,2,9,6.0759673443018825,1
17.84883640116102,4,0,112.2060334349989,23.4848544457936,327,0,7,6.435692457992533,1
17.238542800086574,8,4,145.9236346558973,37.38059203950917,355,1,8,7.701987811455032,1
18.21361379933772,5,0,113.67015682854158,97.68579669022557,66,2,3,6.767249097941944,1
21.645762650662157,8,4,48.06696241324389,98.33905346559875,335,0,0,4.679027559342875,1
15.982605848507351,5,1,0.0,72.39421878177087,329,2,2,2.7541976878463346,1
18.54501878794256,7,3,105.9523504671836,90.40853337651238,47,0,0,8.33559586600903,0
14.551321528563866,8,2,91.44294134595339,37.11693846726363,337,1,6,4.524553253305775,1
22.200586077247365,3,2,60.92217042472471,97.76336753412988,231,1,0,4.053785173278955,0
11.61803848970365,4,3,31.97491001394488,31.422788011165174,308,0,3,1.5265463644711215,0
24.00470216455408,6,1,70.61027146109163,28.090015054532664,146,0,0,5.676946210624223,0
14.799210246778284,4,1,92.22034060540896,28.97692313978183,207,0,1,5.29777320790754,1
7.8461244894097595,4,1,126.63511294825561,65.85023386180518,146,0,0,1.9697701275010386,1
15.640522074553946,6,2,107.5452432627192,82.47795205744418,152,1,4,5.906548084266351,0
11.594741712625595,2,1,164.32268988690916,49.333374229970644,279,1,6,4.003616158597122,0
19.203217744943622,4,1,58.57583775818423,98.23167902289012,140,2,2,10.380630014577388,1
11.736880103488046,2,1,135.24235568229733,54.75361104946636,151,1,7,3.8612776158182633,1
12.769082833926102,8,3,101.89194972514912,32.0358840618573,21,2,4,4.129613335604414,1
5.552296345272346,7,6,127.78676496474338,57.27733985489094,254,0,4,3.2504475514912645,0
12.738468403754617,2,2,82.53940546937827,74.32297323379518,64,0,4,7.5557530420839445,0
2.880603366855217,5,0,142.86721495562358,86.5780624403503,218,1,7,4.254448411070494,1
7.0804858825713834,6,0,111.8089903338097,56.701463196527435,72,1,1,3.5501716924690063,1
18.802073280721487,7,3,72.82220060329003,67.4885460839334,162,0,1,6.413910019841085,0
18.92900079325416,7,3,99.51903884347247,41.38757697270827,130,0,7,2.2392941291736297,1
17.127287808924823,7,4,90.41776564251602,71.67332211244113,69,0,8,6.2502210924978945,1
10.165119284353935,6,2,119.56713402551175,98.87775551602749,225,1,9,8.562799433201715,0
14.7614432192901,5,0,52.808930025019656,23.92428580702351,246,1,9,6.133215665670178,0
14.981987304547157,5,2,98.82593191537222,90.92245365641342,68,0,1,6.2757966325198495,0
9.208176554037287,8,3,115.81229010597323,64.98260022140182,107,1,3,6.740120433814967,0
22.51699150883575,7,2,101.32093228772133,40.167892764983996,109,1,7,8.419416057351038,1
19.386811452878355,4,1,153.87764977555983,96.39117680074064,328,1,1,7.419787920038209,0
13.89517913085168,5,2,130.9609109628421,58.66834424471192,103,2,3,5.879339444546048,1
15.134429194972654,8,2,99.70076813037014,46.53522013387085,141,1,9,6.807782801272003,1
16.04191403973776,5,1,108.66756389990692,34.51981026166729,65,0,0,3.228130149069779,1
4.791325657878547,2,1,111.82662205927998,39.55617682053297,134,3,1,6.552587181494644,0
13.764113087397016,3,4,116.13198416667296,86.6279233273154,199,1,6,2.9888880576325048,0
11.590078760011007,7,2,26.973680173415687,69.15280074537327,155,0,0,4.265955162736747,1
9.991899950525422,3,4,87.93894816922611,93.05964955906529,79,3,0,0.0,1
13.594498535570226,8,1,40.62243727226295,38.55747617262287,250,0,1,5.802859318734924,0
23.988432634247612,1,1,151.13123789837945,29.691085907912118,87,3,3,3.7122559777832946,1
18.20421430633505,5,3,97.56601919988289,20.487002478047202,304,1,6,7.2222904304089255,1
12.144105051086015,3,2,92.2663620128151,60.6289630092795,241,0,3,5.780385221210805,1
17.862913906780793,5,1,135.8718932813294,99.86455443055905,88,1,4,7.248191789403251,1
