ingresos_anuales,edad,puntaje_buro,deuda_actual,historial_atrasos,riesgo
57450.71229516849,61,586.5982833327082,7140.1396736501765,1,0
47926.03548243223,66,601.4688194729197,1189.5539684622509,0,0
59715.32807151039,57,521.510168691776,18038.185956048757,3,1
72845.44784612038,28,664.8280433843859,22215.625051261435,0,0
46487.69937914996,20,587.9051851392219,12691.336261552311,2,0
46487.945645762295,23,641.9532443907028,29532.606633210344,4,1
73688.19223261088,26,511.25078221979,1613.9420027675114,2,0
61511.52093729363,23,556.254169967659,21929.18623031611,0,0
42957.88421097572,26,672.2381357827771,8941.391792411066,1,0
58138.40065378947,56,562.7166847908233,32193.77906207297,4,1
43048.734607813065,48,772.6963851233405,34925.15353168118,2,1
43014.05369644615,49,560.0363814385398,7333.434122166521,3,1
53629.43407349051,58,622.4684725751886,9504.428640914199,1,0
21300.79633013303,67,693.259083187309,23595.87886979802,2,1
24126.23251230451,29,458.16342670669684,11128.693502104854,3,1
41565.68706138541,25,423.9191188019224,14545.887820677617,0,0
34807.53319498364,25,447.4343685429905,15253.884205424101,3,1
54713.709988929106,67,726.2584103427182,-4196.731561976565,2,0
36379.638867181835,45,544.8141854107553,14861.622539057627,2,1
28815.44447997063,37,855.8199285668252,8102.722259358262,0,0
71984.7315338233,64,543.5752401342611,10068.771776002279,3,1
46613.355492701965,24,618.4551303197037,29436.320034688142,3,1
51012.92307031886,28,754.2109952567876,2434.9310572074373,0,0
28628.77720679815,37,800.6092888159124,23132.05186747977,3,1
41834.25913212226,33,806.1503576636399,12210.370696681915,0,0
51663.83884564799,21,720.8366230593142,12202.398315041657,1,0
32735.09633866546,23,702.4062525811462,22903.718960517115,2,1
55635.47027518508,39,659.2526949201183,18400.512945688904,1,0
40990.419651217926,43,677.8361076166638,20706.12997219531,4,1
45624.593753100846,20,544.8814283671467,24681.84660532861,4,1
40974.40081655905,58,518.1801116577693,11686.916168166772,4,1
77784.17276763407,59,599.6625542589048,8877.632654922498,0,0
49797.541628930994,31,582.9815377475071,4148.49473442202,3,1
34134.3360656615,28,554.6771950672725,6745.894700210449,1,0
62338.173681547836,35,669.6387447456715,44490.94425308725,1,0
31687.345250434668,29,695.5305208570511,27446.795807367867,1,0
53132.95392507133,40,608.8406886291847,1489.2563379197873,1,0
20604.948141803365,29,747.7530081055262,1775.4204325642986,4,1
30077.209266523543,30,485.8310885866495,19818.660617184916,1,1
52952.91853803685,42,580.6340540720282,20472.64797377967,3,1
61076.99869993116,62,528.3177679397195,20488.838353173644,4,1
52570.524217849554,68,413.346338292694,12450.44206446302,1,0
48265.27576417639,36,591.7319314157301,13745.457399970997,0,0
45483.444566160666,63,587.8252491616716,18278.795241593572,2,1
27822.17014448859,53,751.3449743242131,15858.930062933305,2,0
39202.33687407937,62,663.0811684554777,-7193.003727475352,2,0
43090.41843560319,25,497.5813175670795,12702.003694248062,4,1
65856.83339328374,46,785.4092566334189,6485.9356573968635,1,0
55154.27434352692,49,722.1033695525352,16752.11418908512,4,1
23554.39766955899,68,658.2097703468615,44852.5900260341,3,1
54861.25954092192,61,577.3515901150168,18674.816654743045,0,0
44223.76579375525,35,504.056076327652,11864.703138276021,0,0
39846.169995410615,23,562.7793223928948,24218.015019772523,2,1
59175.14433261302,35,708.8748619704186,19826.878872092126,2,0
65464.99283743926,36,788.4586305934608,19200.944904518412,2,0
63969.20178674298,39,754.324352827219,21068.50593215671,1,0
37411.73715166042,54,551.1150578213726,35565.43564829542,3,1
45361.81436223178,49,488.0382566710989,3691.1156467408437,3,1
54968.95147105346,58,614.0886246911203,19736.320768114543,3,1
64633.17690683539,20,423.15606344371486,5736.188700184615,3,1
42812.38643232065,45,632.3167714184782,20555.126463422483,2,1
47215.115350042746,27,585.2397413701332,5813.134885139056,0,0
33404.97538990958,68,553.3963498131758,10826.331863949155,2,1
32056.90063878994,52,440.52969327332045,12049.100857620937,3,1
62187.88733591297,46,651.3600106569717,24758.16719344709,2,0
70343.60042856235,32,546.7299160338089,24184.54443942414,3,1
48919.848176294996,50,483.00831642897117,2542.826235536155,4,1
65052.99346838036,24,312.7737786718351,15549.341109998488,0,0
55424.54037571451,29,597.2485094949363,7904.201452508274,4,1
40323.203680923136,66,777.2251596669744,2414.9508932466542,1,0
55420.934082626205,47,766.125921454787,12829.829495756296,2,0
73070.54849698953,38,554.2903743413729,11915.172115441803,1,0
49462.60941335073,48,539.778793963822,39267.164863455226,2,1
73469.6548372101,41,646.8774256075023,19329.59825360696,4,1
10703.823438653832,37,500.16145608117085,1223.8249924576266,3,1
62328.53756562836,54,630.1791899819466,9352.259958290579,3,1
51305.706023572566,21,676.6080278384691,25213.832954293983,2,0
45514.88974301199,45,722.6933223884307,35884.42772869925,3,1
51376.41164803253,61,589.9845923520047,-859.8331223795831,4,1
20186.46628098661,37,579.6326249823035,-3799.243851390449,3,0
46704.92168243732,41,512.2017413243439,33709.65175371782,4,1
55356.6885726762,67,517.311964596014,18896.141773709038,1,0
72168.41067112274,66,577.3521108098473,6317.0726812363355,4,1
42225.94672589529,68,636.7365506816178,20346.290861224352,0,0
37872.595956602185,49,691.358462623325,-11357.477390168777,0,0
42473.64434623195,58,519.6821049319656,15033.75506597161,0,0
63731.03176553111,53,749.2688568959522,18278.21172843085,2,0
54931.266644895266,51,572.8876398957432,24242.701395378295,2,1
42053.59694349442,53,597.8632705651564,4861.040477074623,2,0
57699.01149670034,19,525.2788320852177,15856.871614033591,4,1
51456.16324022061,32,357.5759739727058,5745.7537394041265,2,1
64529.674857993334,51,688.404539636105,17553.837556743172,1,0
39469.203591839716,53,673.6843897092433,6046.536776369758,0,0
45085.067801033474,23,571.8672442881787,10918.991608397793,4,1
44118.377703017635,56,606.6990717224872,5041.84605209771,0,0
28047.275778018222,59,651.5939217704099,21511.36241823657,2,1
54441.80415596864,68,443.7454143113457,23584.511166566655,4,1
53915.82908269834,68,547.0947322653706,12653.794300425863,3,1
50076.70184963691,29,679.4264679621828,15382.379949600283,1,0
46481.1929993728,20,474.5710576830751,514.0858536645592,2,0
28769.438869243786,62,629.355793216663,12003.23351993213,2,0
43690.320158519615,35,464.3418195376595,14497.953829582551,1,0
44859.282252098456,57,646.6429982433526,41207.93091029975,1,1
37965.84096167571,38,596.4358517702516,3880.3297422583637,3,1
47580.71432500986,32,438.48681840944903,29641.772387524376,2,1
56060.762852218075,50,716.4739354457172,24968.587734658082,2,0
78292.78851815795,52,526.5408423201951,17806.364044901362,0,0
52618.66719247759,43,518.9747562985619,32586.204841951334,4,1
53863.25586084147,25,620.0569197230943,18721.05472606863,4,1
48883.311263507494,53,714.8637349428715,18891.591956679287,0,0
21218.431770514377,65,498.4178181021603,14468.793469824546,4,1
49602.291868261746,47,606.1679849847972,27235.688824186276,1,0
50903.4531491154,40,642.8816500330573,25964.692338108835,4,1
86948.6316872793,59,669.3105607263144,8743.227125037876,4,1
47114.58552828316,61,617.6441555277225,1807.5280540123258,0,0
54523.210135004185,31,563.2972160916678,12970.193626043429,3,1
49479.32345442135,31,517.2409779351281,6999.614356023536,4,1
32469.82943570702,19,608.6143883046375,14364.75425384645,4,1
67142.34221772531,54,492.7860988014393,27374.381346841394,3,1
61278.99549030161,22,307.86495165053924,10426.9834491321,0,0
61865.47920564571,55,643.6559804157667,14571.766186884252,3,1
36359.18817807891,62,690.3934841086195,15580.227348083952,0,0
71041.91466404148,58,363.70675644581615,23484.308822052844,1,1
28972.234058115788,64,499.0269295290062,-7468.893339846054,0,0
58802.85640700405,31,661.9154261005198,8932.997052347033,1,0
82856.83438714968,56,805.7495469711698,17112.836922794726,1,0
35141.955123039676,42,602.0793707675408,27000.789564268613,0,0
41505.53405595842,37,527.1997058770866,10080.975524937949,2,0
51494.77047631462,19,581.710355889516,-3765.527060418739,0,0
42447.86518825701,56,737.4876419148185,21197.114459661363,4,1
26740.04853400801,23,535.4035820875465,8646.376111743706,4,1
51028.44462209041,34,520.0807993349747,3103.333409096387,2,0
34065.44429410843,42,551.7256477817967,8756.54610286776,1,0
57103.88645952773,45,504.66713917412875,13154.746423441504,2,1
36208.63648649295,19,612.2670315994795,8952.553354617872,4,1
73249.01607526309,52,762.467845846956,-7055.660570990691,2,0
38251.20061495644,54,632.307927311603,23970.66196887132,0,0
45169.07725691487,22,574.7646497873712,27748.750412787223,2,1
62202.758260545044,18,570.8188731084456,21515.219913395056,1,0
31537.03525349067,57,443.6809191303343,3623.1432957518336,0,0
53411.899019061944,29,688.3109777147159,12985.08466052482,3,1
69607.14131423642,53,592.2162802987198,14934.78684770542,4,1
25887.75148158159,62,581.9520086409375,20987.9438956191,4,1
52769.507877984564,40,919.3107567844861,21683.404887180808,2,0
53898.24191372635,64,629.8752908365686,7658.262012215043,0,0
61727.34307665966,48,524.8208949904815,15819.955564135604,3,1
31445.73933682877,28,557.3642403794456,19572.80404615241,0,0
30193.150803735854,27,714.8445709196754,29558.223221467666,4,1
57829.12348425346,20,611.3270410537765,22045.065398247232,0,0
54454.77009849779,31,456.1722021682633,22890.56687375519,3,1
53757.39275518815,33,691.9228934575203,15838.26627929361,2,0
55196.72314245463,27,533.1855914461006,29104.591452035038,1,0
39799.62917632264,46,787.3297776217546,19097.627959594975,0,0
53483.80545741505,27,708.0048065714649,6389.120898264295,1,0
54396.08709948022,29,555.2678104341248,29033.699701251906,4,1
39284.72872960448,47,728.1016361735112,21979.032725390276,2,0
77986.61766717135,58,606.7855510527403,10569.559788715178,2,0
57107.49381367681,18,685.277367512222,10205.070326007566,0,0
32130.44754196027,22,648.4732817294475,17965.75545140762,2,1
59848.30412950744,37,515.3643345009126,19631.847952675846,0,0
35379.77494659018,25,535.6450167682538,16972.922656312065,0,0
61806.26905613678,60,702.9960817581161,18113.08673442885,1,0
67378.93368511106,29,566.5224667893459,31999.573745763806,2,1
37689.76522472434,18,559.6351536758003,25715.43152234886,0,0
64450.64193866483,37,504.4877420650647,16906.355912650244,1,0
56191.71390404747,45,642.3599065593461,24413.10580767483,3,1
62330.90239991735,60,806.2524919243144,4674.7609647246045,1,0
78451.89473980921,54,493.2467085745727,18979.27049946809,1,0
46319.17825995694,64,602.4219456672758,33093.0634973311,0,0
38693.95753463766,54,741.2220555415429,12819.541046076261,4,1
36657.28355561715,29,592.0358608754285,6523.660713809151,4,1
37762.845725518426,54,645.2371796249734,8479.111114069394,4,1
48843.47435878844,66,493.760647185312,4103.669626576117,1,0
55117.279622249654,66,642.8307097207648,7152.380918722966,0,0
54150.36198995029,61,581.2855734995451,11294.91901409971,2,0
62407.74873554036,45,698.5729995679862,944.3298082135807,1,0
50195.02837816861,64,718.7386051564752,15156.18333949603,1,0
71803.01115735975,32,858.9563642018613,24022.77173786647,0,0
46030.147501430656,23,657.9633173213575,5922.4381985307955,3,1
90802.53749884429,61,632.5796316582166,30192.839236417687,1,0
59385.01021647509,37,619.4384301577336,20107.920885275948,3,1
37142.63665375576,67,564.6833707189312,25305.80585624057,3,1
33936.612529083315,31,633.8483843461692,8421.654461478629,4,1
57237.08622864778,19,570.4598589860971,23545.252270666155,0,0
46648.05822011224,26,616.8460976269614,4080.6609960468704,3,1
60710.007411381375,54,731.759753560796,23902.475008365087,0,0
57098.56436860317,37,499.3457434720359,16718.393397935313,4,1
48907.56631014691,43,713.9878561129045,20532.512199847835,0,0
37298.094228973925,46,731.7115067339865,3244.0539437514835,1,0
27277.291629712032,18,588.1931473008922,6049.301577233953,3,1
43302.275718994686,52,387.81451009914053,20972.282182533847,0,0
62845.981914852084,23,539.2178012905567,5516.519957757993,2,0
53211.40616195306,54,729.6994546561109,19632.06292099123,0,0
31313.91831932018,22,597.7131937701118,1328.621935397543,3,1
52597.71388776773,50,500.06977677050895,23481.74212666668,4,1
55779.76069593255,66,549.5225078771782,2674.7668523149096,4,1
36742.138456983004,68,684.0620026504553,20522.999376795233,3,1
52305.87658918292,31,654.6733568201379,21256.30933646001,1,0
50873.13077669,29,576.1067900830305,8032.281815704251,1,0
32855.44553254065,59,563.3175588185312,20820.265670847268,4,1
55366.81040522425,37,560.8241850956178,17604.42263333556,4,1
58411.76789552352,67,507.75898155014977,9611.581438072617,3,1
66245.76864762916,41,761.5375689469442,4914.453159237919,1,0
65807.03078052355,60,567.767953078866,-4626.25691672579,4,1
29334.959480643633,51,721.7158520825496,18496.500472996937,1,0
35932.62440127316,42,752.1316051922452,-648.0277136205514,4,1
57725.529008129895,67,699.8310898147961,15953.441994413082,0,0
57706.78926368313,46,556.8379687281952,12365.517839177508,2,0
57725.715294590715,56,640.373009033661,21791.427754381955,0,0
107790.97235982082,48,597.5804393609084,11979.545005101358,4,1
58563.35766039751,64,509.6298139269872,11705.522136529085,2,0
67033.48460270898,60,632.4359281721603,22318.707042882954,2,0
64310.02645239804,67,482.09602088401977,18350.580290841175,4,1
59770.868769586974,40,718.7679388461563,18161.559571827784,4,1
45270.96133039481,61,553.5382702701606,19692.67589808526,1,0
61384.53830739901,55,620.1159655872839,-355.7212320710587,4,1
38407.621781936425,37,628.3287871546142,22567.88679986982,3,1
46447.72089889987,40,574.1095026295923,21124.687940136024,4,1
42719.54678256345,62,658.6693801475275,4833.168714235027,3,0
51228.112090794835,69,552.5096343377476,12559.195263257987,4,1
84719.87850010264,33,687.1297297457244,14606.927123723688,1,0
21991.02211112378,67,465.40203197532514,13655.032155982673,3,1
60293.9028556177,59,612.6379579546411,18338.599665685346,0,0
25809.261932155227,25,793.8928999058285,29313.667818311835,3,1
42921.0220131585,67,499.96686753944255,25817.667276728287,1,1
66334.25895451049,38,532.2255029475149,1877.8080656859383,3,1
50964.200286431944,18,651.3907849658915,21220.699903060486,4,1
33833.82833106041,25,617.9581781939598,28289.3331953541,4,1
39270.444361100475,46,635.0630099273559,18868.085206892025,1,0
60193.96623402014,49,648.9187130147664,25909.80425185967,2,0
39044.50052424295,55,663.472146856177,35122.704457007654,4,1
53246.878843729624,22,710.9699841956224,25237.095461069814,0,0
50683.5775985572,64,640.9818656928512,17493.08595641729,1,0
40225.99478591274,39,575.8742345381457,25450.884740847534,3,1
82159.16133987988,64,667.2573701202731,16448.878330968913,3,1
59508.78533477017,51,789.9881934895216,15239.030432849555,0,0
19622.861200135892,18,586.7366253617427,11485.857642862675,4,1
52796.814721541414,43,502.54706953293584,30634.13358832108,1,0
40073.20302847418,60,710.7080669286972,6815.713340579986,0,0
62786.50002194336,27,587.9618836046402,30323.67724678116,4,1
38112.188923509486,47,382.73304539859635,19998.641237403714,1,1
48278.95337799651,67,684.7421677150421,1006.938251980584,3,0
57574.80918470686,35,546.4671814046077,18676.492929914217,1,0
62986.327912551824,34,590.9466717695839,-6000.26507651624,2,0
31995.553894163357,43,633.1980330569014,21255.080168310356,1,0
44982.481462385775,25,619.0499679779066,23852.31482988991,2,1
42875.82033258566,64,670.9451817139039,9076.440443479463,1,0
40200.06151139432,57,556.4513629430156,16235.476959555823,2,1
76481.81360421646,66,651.3105798176083,34541.57433750286,3,1
56074.725664414334,29,574.0453322416083,9942.532957380634,4,1
31086.740684974324,44,673.8810480887503,4410.924129433995,2,0
63767.92920582164,25,661.5367484013053,29816.634024625986,2,0
81832.3429551895,42,506.45612979554045,34625.87190530795,3,1
65486.97890826721,63,708.5982116175032,15036.956718478474,2,0
27209.4505106898,21,546.4036554885952,25114.630354083565,0,0
42736.48890700623,50,680.8057798281145,28414.759155308813,3,1
69003.66723779934,18,636.7287313401341,7575.15767461616,0,0
39384.958015718286,36,783.8183676795122,10146.941646321317,3,0
56657.291422193426,48,577.6534017628148,27308.74513154735,2,1
61619.510801440054,33,565.0683203881803,31850.142787085093,0,0
36096.04292632875,31,598.0580394112268,20628.80860174355,2,1
49107.119659072996,65,569.6820217165724,6201.856464979457,3,1
1380.9898989639114,22,679.994190194205,34870.61111699441,2,1
34634.185379985654,58,438.3689391563412,9690.291021880355,0,0
46211.4777291026,43,494.6317580853646,11648.622188285482,0,0
31283.252270527257,45,493.2197078420807,18423.378344896213,2,1
74486.16955897454,19,695.0307591973576,30541.604207147742,1,0
28547.87933059051,67,771.0613372581926,23539.759765522234,3,1
43399.332699545244,23,589.5550781462529,19148.655003619104,3,1
51961.10865929137,26,583.117827680999,19632.885301181064,2,1
71619.09933599173,50,607.0052163113181,15435.14668643466,1,0
28462.06773230841,58,716.187830260819,20581.395145185063,0,0
67447.45628232439,42,507.26468658094257,-10295.600776943029,4,1
50153.4959152938,65,623.8368982734785,12033.925409302017,4,1
35277.37023428074,30,697.519762978243,17413.21934916781,2,0
56931.55211394906,26,650.1094169939845,3489.8591638049293,1,0
52985.895433602054,30,618.9581616598743,18863.2331781156,1,0
40996.74684261808,48,700.1046092567141,12955.287790138784,3,1
51047.031274850284,58,329.6767707000763,32554.7569831549,0,0
44220.2960470736,28,667.7875319530908,30730.197252148566,1,0
51702.76017876872,21,534.5924316872577,10341.944308818373,4,1
59931.9601178157,51,416.9367103143543,13491.622884333046,0,0
73790.25224218029,55,651.120259952498,14260.524343916073,0,0
31432.767517597265,63,737.3658545162957,10483.405238403773,2,0
81995.500619844,21,586.2551485372309,16950.249840281267,1,0
20718.68300716247,55,695.2874547202939,7417.179311124098,2,0
47723.22357446625,36,761.2278257988646,3693.846650624737,1,0
58824.75809726865,23,731.4914453584047,21227.112239002687,3,1
54214.87801602549,51,763.9964529371393,21295.295842218107,2,0
40659.50720269109,35,674.2127491071892,6956.842403400076,2,0
46878.16624464087,30,607.5433638901593,23953.554307625996,4,1
42604.985980117504,58,439.8034188102831,8684.222708346686,2,1
41159.52864583683,40,575.3937511870051,17531.65238037981,1,0
62744.03145531537,36,515.6753404683808,23203.44012612456,4,1
55355.23228947571,62,817.0942717497813,14663.87435296287,2,0
39606.35607109019,28,582.4114187567664,19547.409121411343,2,1
63493.99813149876,18,612.3204806784486,9835.703561124283,3,1
54609.49281314914,41,655.1485376040467,13035.334165719029,2,0
62192.931782584405,24,604.3602446372454,12941.405691196596,0,0
59444.432628854185,42,769.5051040430753,7534.216534597611,4,1
37565.07483616892,38,537.7350638265548,13232.25836884218,0,0
41597.284397045456,32,619.4607455237243,-486.18298863746713,4,1
61209.40407684893,18,525.7529414301952,10088.462528578953,3,1
59155.55398150197,29,467.99774887792944,12151.245066303292,2,1
49686.47609053778,24,538.8230909094715,12438.202475046199,2,0
51759.91074963173,32,596.2963202951588,12585.025541292212,2,0
69164.97343682637,38,557.069777548274,14382.35800139871,4,1
41126.42916746255,36,530.7579020126144,19794.41518086064,2,1
58206.460717550566,46,459.3682536328166,23745.170741325226,0,0
46967.110213491585,42,591.6894427371305,8502.34773151733,2,0
46734.78195159169,50,449.5279625968998,2967.9914461085555,3,1
66481.65277980786,66,676.0055963689603,4579.55587756897,0,0
62381.245234820446,49,608.2439752934504,10127.970788050729,2,0
62202.644540009576,66,454.244850053507,11480.786821834909,2,1
69582.18210731493,52,569.0790922950137,7300.039338025427,1,0
50315.05762449138,61,524.7843594409417,2038.8333575010547,4,1
60229.294569424455,55,631.9174510419181,10438.791725258117,0,0
45345.99865109816,43,734.0450446023144,16814.266201139715,1,0
54862.49528732663,28,412.4827530354255,20950.294658355648,3,1
48047.85418448473,52,611.5026079147417,9425.769468916787,4,1
51454.93947489077,25,583.9867204433359,10870.02177856566,0,0
58927.3553815537,63,667.1340076450466,5733.016911526893,2,0
37726.689751497914,31,621.3196628237689,14685.608296252236,0,0
81385.8091352819,27,524.8030668261181,6515.713658091854,2,0
34909.73927750447,19,568.0946064333382,20731.278132412,4,1
31787.17080818402,63,520.397414319651,-2858.6649193411104,2,0
67371.66310250101,26,707.6007138598599,11403.703275475376,3,0
61874.94040944404,20,602.1311648671942,18011.07339191742,2,0
59361.79725578232,38,790.1190685753007,16838.345163225044,3,0
59425.1826389642,43,593.933918618538,41930.33663980497,4,1
49816.29840729628,25,529.1593233089537,18498.000245679075,4,1
36541.18442771253,65,448.6285607387173,4959.454031579897,0,0
51137.068372905895,19,419.6860323744055,14045.35752910927,3,1
39842.574327318325,23,441.586405699451,-2762.463334664517,3,1
64626.796001266266,45,626.7126651011483,14194.002507032392,1,0
47794.13927746792,46,650.8725023229933,6669.439429992413,1,0
37617.54204811233,43,441.88092979678663,24153.902755601615,1,1
45179.2123752051,42,689.5038314076115,9504.597254044651,2,0
56193.97181413436,29,551.693894831656,13832.340842047533,1,0
41544.13170794038,22,614.679301198555,8644.421585955966,3,1
37666.69406650353,51,761.2220628255425,32388.513518533313,2,1
53655.30817237868,65,689.6839315865532,11787.572338820883,4,1
53674.49856663084,54,573.1469352094168,33325.57043479202,0,0
42395.85236943305,32,510.88077745847124,23141.517621182666,1,0
42934.425415725156,61,384.8184598670695,19820.66727335386,4,1
53480.74906036454,53,528.084668075758,18687.331473175196,3,1
28278.734877540137,32,578.8869761172306,18937.972982162515,0,0
28888.043384351673,60,501.2820472848816,-4276.7257934560985,4,1
39223.33668121346,65,586.8743032907695,12211.166058492436,0,0
46798.292724322295,40,607.6851882958769,23451.579711843217,1,0
54663.61348397007,23,577.5144018191921,14511.028165258944,3,1
72130.34325424329,63,534.999741917654,948.1015319642502,0,0
62864.89434803029,67,616.8654671966727,14475.955494225305,4,1
47600.922050548594,61,644.1940649569409,32041.055162554912,1,0
49714.75688145967,60,490.9600922557154,27468.917155347197,1,0
34962.05953043287,62,741.0932379746271,14379.959906339682,4,1
49722.30296011415,38,590.1411867715739,24514.492770580866,4,1
45670.120416197926,40,601.8849622944848,11334.929796319482,0,0
54840.778405071345,60,670.8214423256557,-2038.7158682671907,2,0
37591.53584671515,33,623.3216131263501,5755.3401187044565,1,0
57790.197713617585,64,695.3136633913246,30628.88768508198,0,0
72991.08369503866,32,628.7124165201824,12260.069181706958,4,1
48368.597773147136,42,538.7562625359562,12566.160206249819,0,0
56025.67583148412,53,636.1503525206101,12001.618037251195,4,1
60352.159875666686,28,485.6273792679338,34041.365895730065,3,1
43981.692921712456,68,610.8559705776523,31259.589153620633,4,1
53361.38722715625,32,596.6770009355539,37187.80233448134,4,1
50188.88601172692,21,579.1883142727461,13409.547895999487,4,1
51465.14147823248,38,587.1462488561069,17956.24488747095,2,0
38404.853242168,30,411.8150954502361,-166.42549420791147,4,1
50367.652613884144,39,545.1275092259039,29769.344261182745,1,0
57469.974368681746,36,609.2844901141115,3322.2044873206505,1,0
71767.15411692562,51,615.98563919974,17167.75563762629,0,0
64389.0623912781,31,497.23248590740417,4026.9747236715593,2,0
82297.73686267334,21,726.5707840864701,9111.331732613038,0,0
38489.78655667926,65,513.38251517855,6627.3756895029965,1,0
63084.80955081017,69,696.9457200526737,8921.247393241822,1,0
52750.130086075274,63,642.7194361871685,9608.772968510213,3,1
82847.04399826509,44,535.3772690156197,9517.31205074923,4,1
37875.525719672725,46,777.5310892609511,23333.339117803072,1,0
37404.17236728836,64,480.636316824352,3951.3720693747982,0,0
41009.11031833967,45,691.9154173610002,17205.41427013867,0,0
18141.564135352895,52,700.0582318042979,27179.591523055584,4,1
42113.674674788585,25,532.9379790923355,9868.036354866039,4,1
38613.01007669453,33,739.2465300064329,7820.811092523982,3,0
52255.906797143114,59,574.9953485401047,12694.753748197492,2,0
55126.339636657394,53,628.8693629279857,26797.2520836071,0,0
78142.56258823829,47,626.0321838771221,16941.07630953358,4,1
64256.35757279075,35,586.5691258529453,9687.857053924015,0,0
41346.44516506395,19,681.0808273159782,19838.766511880396,4,1
36523.77992977463,66,679.3488720552212,3977.0785016357677,1,0
57378.78757259758,30,425.1468026761819,21813.595104429478,0,0
30196.501894690366,21,730.4340242878152,19086.073077017674,1,0
77471.8814878153,43,433.7508011964326,11921.915288611159,0,0
67691.60181081931,42,703.2546204341658,6614.14201552769,2,0
42962.365218429426,47,712.6705136827584,6133.190777165428,3,0
24302.98206363684,28,490.9033569784802,20348.1733634591,1,1
70308.0856124812,24,558.9185712045415,27289.80502489062,4,1
48281.902321210735,48,489.4295331514064,8626.922529712052,2,0
68567.24467960192,61,578.5078969711265,19583.867035514842,0,0
26083.585118084495,27,569.1965715814259,-5870.270186020687,1,0
41009.374655693406,56,677.966053226934,9153.822693428005,0,0
50078.65549577275,30,731.0308746119608,14689.41067129098,0,0
50704.70890647113,48,739.5683810789956,5903.165830181664,0,0
43249.01792781134,24,543.7831973421698,5634.93625210404,3,1
59342.748985212485,66,579.0778126255473,8322.204435311138,3,1
33985.69355926108,59,431.656180777905,17921.927283263733,4,1
47864.3077246806,59,519.4129933503812,13126.709815936254,1,0
51804.434475678485,53,696.4851633097458,-7382.31233324972,2,0
57716.582510881235,37,761.5582823548232,-6207.001526350661,2,0
60674.223171333346,21,476.5651128120078,8931.348221428245,2,0
33130.36862243196,24,540.7535740847106,19576.86586053552,0,0
26988.287438965664,18,597.3594243041073,-12475.048427252346,3,0
69165.15232847763,61,628.0161158819607,10002.698238483694,1,0
54984.71017969387,62,519.0396480078354,9737.521434825789,0,0
38772.701951651696,59,642.406104446409,28883.377782084477,3,1
73267.27963283785,64,552.6160652929084,11149.781882871364,3,1
51735.11951439288,30,598.5547729121721,18829.889847409286,1,0
67689.45776095739,39,654.62842480037,16412.571400874633,1,0
51012.777221151635,38,600.6422269810938,-6305.6647980720045,1,0
80911.21887322981,39,556.3614109473432,22682.07216631737,0,0
76330.11263664806,45,589.0390196074169,17153.96505456288,4,1
46265.5377728139,26,591.1637040794665,20082.686396745896,1,0
64573.56426431533,43,562.9988970117872,54262.37706436327,4,1
59680.639243777216,26,574.1203937332898,-5841.129394985885,0,0
70529.47336298523,32,759.8647170504717,32246.966497611083,4,1
35526.14809129843,27,656.0919447941238,12125.524805996443,2,0
60290.77189997659,41,570.4519681970839,17873.289044030094,4,1
65876.36730274382,59,669.6954404510735,14544.877546987578,1,0
23618.907703653287,25,566.618051024399,10757.636666019564,0,0
32251.122310013372,41,717.3124637586641,9301.670717612413,1,0
19411.51733359849,33,636.9642192198094,18295.08735573009,2,1
45958.89748333163,66,589.2697855995771,-171.73696671679136,1,0
60763.133836939436,43,644.7716925810278,22505.791675217657,1,0
72535.35578144042,44,442.91238479315007,10838.05595114746,1,0
51111.42170629663,54,487.32325310901945,3699.3066095964223,3,1
74429.23318356938,21,480.6074993600945,10499.871420041862,2,0
29298.47812677663,67,614.2943094763707,27571.49216862573,1,1
24449.26340967268,41,773.2514999485091,9646.64912983777,1,0
49166.78451655072,36,823.1300146192632,18584.536182096203,1,0
55760.98173408961,53,663.8051101440757,7690.437242845267,0,0
49509.578778588606,56,650.0844474944457,22579.218499236194,3,1
18988.36849940185,27,419.8942265847261,21855.07738790204,0,1
48663.19940730817,42,545.7326200265978,33486.088332964115,3,1
30432.957492427202,35,521.2216248091761,13244.360545007845,1,0
60045.08823245058,36,537.9152401748884,21686.54804757907,2,1
55498.973691452724,53,583.185618141521,15980.675395389446,4,1
35901.80320508967,27,552.7909422302872,27958.717818630143,4,1
42291.9962399496,50,402.0700189624212,7811.676123912696,1,0
34111.79717166573,67,674.7910256117534,22450.05312877281,0,0
49059.813540902425,22,492.72569742601934,13053.027038833183,2,1
64327.134807518574,64,623.924686411115,14358.118228915022,3,1
35214.10930496684,66,807.4082669749973,15917.524844483729,1,0
57560.697732767665,52,508.06154084135767,17522.403964266774,2,1
42046.13572441339,61,346.971247725367,13837.709568780418,2,1
38106.907516064835,51,571.3995778119889,17147.131831705265,3,1
48394.544600681635,50,710.0959634998571,30781.180575621845,2,1
34471.365163709386,38,795.8347454220594,24854.496856152182,0,0
41695.26041979227,34,477.0450405547583,23691.545924968967,0,0
32031.831611167272,39,649.6699223236521,10444.604739761293,0,0
79470.87699374584,65,553.4689543219947,6107.591717716758,2,0
50528.95327957593,54,589.4051645695864,24553.00558237753,0,0
39504.117380111216,32,864.4343347017035,23760.46792529794,3,1
53209.69866101333,52,449.7029671604847,29726.70675750982,2,1
48315.07925463755,45,625.3739661494574,8960.193740307705,4,1
46685.45600700165,24,646.7693171765433,12704.51344639653,2,0
59212.50050065138,49,708.5786324939347,-1394.841625254343,3,0
61362.61565070957,28,609.7983153470896,11075.28893939127,4,1
42042.48278584209,27,630.8050539504102,24965.70510579447,2,1
41362.7263903298,26,560.8351432578208,10335.04620771802,0,0
45874.22454272534,31,626.9126941245107,21404.797952008237,1,0
15471.18252896623,30,565.6807724502589,13094.968940021887,1,1
27272.134067021718,42,662.1571889856051,18240.570282215605,0,0
70503.11401166787,19,563.0389663956366,3523.086101843326,1,0
74674.51570251926,52,637.7100393902186,15852.09449633901,1,0
46264.45940665432,24,597.0737186315022,-14911.359709007233,0,0
58648.35444583649,38,712.6050250772169,13131.03841838015,0,0
54668.75231815304,35,594.8606276411514,-1304.7324371514005,2,0
96183.21212682856,20,422.6967531793118,27059.94516546816,2,1
66793.62367151865,59,726.1921500713992,22774.073527645112,0,0
48081.2361277885,56,509.4267699137381,19666.70981966081,3,1
35666.89339099362,58,534.623366135118,30210.0622715938,1,1
25903.30519613641,66,540.4338705956508,5510.834791751628,2,0
53051.954538008344,28,737.4438093170818,32473.631979155583,1,0
38654.73882073545,56,386.43257860213043,24321.915642603846,4,1
28666.19435603489,41,913.7748533659994,12634.44712781054,0,0
40301.4067363621,63,705.6056809066051,26356.20147182944,3,1
33776.779945784074,36,622.3238914129159,3937.064875883658,4,1
75307.12452608848,21,594.5105999383713,6754.858384723264,4,1
63224.59635424176,43,628.5554074857657,8914.102767602995,4,1
49880.41038025074,55,652.1122428379339,9710.222919359847,0,0
72199.16208335038,59,664.5215585950057,4434.4235723974725,2,0
51160.524614714275,49,655.5604466003449,27230.830670953248,0,0
37080.73698007604,56,608.9580681255248,12411.455996301684,2,0
72846.86115904486,62,580.2661579692674,18525.049683568795,4,1
58083.65065526988,63,584.8726716346488,9296.486335863196,4,1
34441.30768510315,53,580.5091719647319,-3206.033005485173,3,0
47144.91982874588,57,713.3770096867065,17700.57358391422,2,0
36865.726199228644,54,659.3556722280862,-4122.5497541977675,4,1
29258.00403553496,50,305.96113653357196,14313.659539145314,1,1
63892.66321297462,53,665.5900776529761,1316.8496116718961,3,0
78641.24960705196,20,619.4736194718774,34872.759992308085,0,0
29021.486392712883,26,598.1291243554102,24113.627221747218,3,1
58444.538550358564,25,561.1481546911114,16057.537912714804,1,0
40240.361463172594,50,712.4112719986014,27637.066776546686,2,1
42693.11924352956,23,694.7526462122858,6536.840225342641,0,0
41114.09113641696,58,522.7122332176391,20434.79378670093,0,0
37040.138454802756,56,640.7052287124535,16998.104337187135,2,0
50727.82441917241,21,502.8343265458714,17640.200813336698,3,1
37535.748253834434,30,462.03818352110693,27723.535001067678,4,1
54056.85238669758,66,537.3282775410034,22324.921027798024,3,1
49246.42835826294,19,686.2393472382759,17887.236628250233,1,0
46415.77929700386,22,695.3125045376087,-1548.8743622829606,4,1
36386.545069376036,61,651.3085420097293,5399.537047205362,3,1
41348.43004147501,44,672.5095786847997,13772.910664042758,2,0
61330.86838738634,49,651.6178287114958,15933.723742766513,1,0
57513.75781436571,38,535.8518404777047,3697.962753260761,1,0
35336.67132802174,25,643.192254467394,39116.76675578421,1,1
51489.98458143839,55,680.0409525227682,30163.94055253573,4,1
61270.80685057683,25,675.4291329813574,21021.183203924833,0,0
24958.920783179423,67,718.8913371474644,15720.368612837448,4,1
58150.402885699026,20,670.8303847201064,12877.910300988484,3,1
40060.643615812296,61,635.1448207541583,5480.815399777644,0,0
58558.98002889739,20,707.0150238316428,15774.805185188625,3,1
38551.11265186225,39,597.347874075094,17577.525401427505,0,0
22926.768490032213,23,511.81253487722825,2582.3942451837574,4,1
25586.86343175256,19,583.6933036056237,18341.764172448973,1,0
50721.27419992073,40,525.5097355193551,13447.409511752512,2,1
53895.83752582223,61,532.4821725025619,-4078.075578773911,1,0
36435.25062343387,19,585.5481329284482,6396.149892204981,4,1
59578.88688166061,55,520.7580079000039,10863.944665783558,0,0
25077.1990659656,34,569.203847036096,33876.8765734019,1,1
49008.80302029025,52,410.63853330462143,20565.53124533758,4,1
31834.75700356315,51,621.3293707372939,1645.1843090010861,3,1
40222.45838296761,40,600.1205475362224,19860.36289417637,2,1
50710.98006974621,47,518.2911368931809,-473.03988938365546,1,0
37093.799520740715,69,665.9245668432405,25826.910538870732,0,0
44231.66683655262,25,693.7570137626558,10288.753481821215,3,1
65094.39213821661,39,439.2440135631026,14063.638112608292,4,1
41346.62195715277,61,523.7275221433786,28257.9664754219,2,1
62535.38168097712,53,523.0857650212702,2128.364314157501,0,0
33054.397180135726,22,506.00968988911353,1028.8181488700884,4,1
57947.06266872924,30,682.9474841931749,9164.006736539952,4,1
71623.5293098685,46,580.6173861227196,25383.788510193168,1,0
12925.332498090662,48,573.5485158689389,-193.46075476842452,1,0
38046.57116794285,64,399.61376355932464,-13321.555981105688,0,0
58656.081907708096,33,663.5418030209227,10488.411415910014,4,1
46954.31920935511,59,476.07416051465276,20517.407999109204,1,0
55567.188100569634,47,605.9932630266328,27002.617497388295,2,1
40940.22219926269,33,627.7376937958192,10368.38637914601,2,0
51298.8468120935,29,736.0658595838651,10885.733928839974,4,1
47664.84146911881,34,469.1179600880888,26539.007342557474,1,1
67516.73092489711,33,298.0487844179175,-3697.4169969542054,0,0
53816.31264951819,29,618.3849544753695,11114.792248169908,0,0
55064.039931128034,25,780.0511181510853,16904.238899250577,0,0
43821.84550816299,37,723.8946352939438,19492.187212850342,2,0
42685.906638912595,20,620.9659415274626,9901.933068091173,1,0
43511.627182705684,33,550.8363814367953,15344.410117058413,1,0
55916.78213567445,47,680.7122596637311,-9883.273534129894,2,0
43685.232787696055,62,502.64538002955317,8417.515876661517,0,0
54346.62285344619,40,647.635776935622,19535.087125544673,0,0
81131.01197968159,45,650.5470159166626,5177.059657453205,4,1
63066.87055147538,68,706.0209907498879,15589.842215895973,3,1
45109.647017482384,57,875.9660038911078,19468.72500802698,1,0
68018.20883245918,22,639.2415967178767,11574.50799142235,1,0
43878.86940467673,37,549.1036374292502,16704.637709965707,1,0
19428.13197233219,57,597.4425687808006,5372.6743471538775,3,1
34878.70533623894,61,423.09240951108814,12933.887203039534,4,1
21938.121184612166,18,530.5286868910941,21102.161695892224,3,1
44727.297739380374,47,559.0717561886896,16569.729609684342,0,0
50276.27568784328,38,547.5911602065407,9134.687304360645,0,0
75146.55968412924,37,615.2354872033721,17242.16404290793,1,0
54903.910606462436,23,517.7580067617799,22146.09790636618,2,1
46713.49206786704,39,712.1030667324471,-5499.412785774781,1,0
62441.083717752335,35,600.0207064918197,26590.740649558975,2,1
16832.970364881723,25,599.0699678861386,11637.45261318928,3,1
53534.21837162849,56,567.2105283487082,19254.899332402303,0,0
61562.9779083045,49,615.5190683858979,26972.469236452278,2,1
27821.206313302377,50,682.5098264667635,1283.2630276953405,3,0
67156.31064810394,33,513.28697842891,7905.589975724534,0,0
55077.44611241621,29,534.1883510924744,12114.513041242952,2,0
43770.681291487985,55,569.6273971223335,7162.464788755717,1,0
59491.72799159427,69,465.41290765267854,32349.365758368083,1,1
84060.39286706594,51,518.0742140278502,6432.279061732072,1,0
52727.99382587743,31,552.3779126455341,9444.532205131334,3,1
53723.30879450504,53,687.4389180712727,17043.890316029767,1,0
43109.58650689634,50,626.2561329001925,2978.5047392391116,4,1
37252.33445802813,40,619.3589911367544,11043.19288243736,0,0
62455.03724816369,67,685.0897962167973,18174.532612501753,3,1
37158.74261136699,62,586.2628211600603,11671.395956174887,1,0
51073.49355829089,19,639.046484992889,14066.131411000517,0,0
42835.13829852325,58,589.6778247067504,9706.678875516292,2,0
57184.697386195876,38,626.5362349399628,-144.7030918076689,1,0
55004.931579304226,19,541.7241342388418,18215.932113392388,0,0
65563.0991638685,44,356.1182841723571,32549.330716472414,4,1
42349.75401717879,26,586.5720837813695,15184.016307834381,2,0
45951.87597059943,18,742.274813609994,17252.641172475494,4,1
35318.54426326539,28,692.6215402241593,21927.227551168595,0,0
43335.60109885833,20,696.539748459117,2306.695034533008,4,1
55659.50739567279,69,723.6130721806218,32025.146581296056,0,0
61354.829249680275,40,608.8657590961437,17023.28796422802,0,0
36167.52013733562,43,619.7315707405595,31318.56899089109,4,1
63044.088801584905,21,538.234810456565,7669.670044760106,0,0
70334.56788207426,35,568.392714397295,33180.61922557825,1,0
56201.523548355515,23,661.5771149771142,22751.55494034783,0,0
78151.937188371,52,720.3884437168816,20530.400858523586,3,1
38393.1620134464,39,586.0553724319001,17340.24454353148,0,0
31330.179450328746,60,554.9810735148588,12514.713819255507,3,1
23319.19626643582,32,600.0527958856597,27005.316584738728,0,0
72440.66467233775,39,660.1206748929114,16403.59869848047,0,0
59815.484845310864,54,455.61451838664584,-4670.6970358715225,4,1
49166.229936343174,69,370.3819046862762,3828.135382929975,1,0
54199.529394797304,59,544.9463150508417,13141.542478072526,1,0
33117.66429052435,29,477.92875740858415,18099.989831655552,2,1
86686.27969425239,64,549.185980235269,14434.115111001041,4,1
51938.31772962841,66,585.2219681182529,27189.707897936634,4,1
51640.92191907339,59,554.6751590976986,-4511.01864038625,1,0
60886.49935848038,55,745.2467534470745,16435.8793650516,4,1
57215.1384760507,35,632.674476460232,-3179.7922538715466,1,0
53358.26036418697,62,630.0474359610828,22597.122954841685,4,1
38142.88316832032,52,662.2207144043402,14055.412855579973,0,0
57072.025357039936,47,486.1166882219231,19196.09972024118,1,0
78230.3674471255,41,703.9111787420269,6361.170394102339,1,0
70181.30069232467,59,592.423571346454,27794.64931657751,3,1
73897.79939959096,47,667.0480617241212,25417.246640588513,4,1
42331.76485353222,31,492.81427669598446,20835.443030118877,4,1
35155.92769612129,23,444.6241233983936,13704.827531365592,1,0
48113.19619850528,20,681.7889658025028,20798.57285295132,0,0
50835.87368433042,33,637.6409526097517,7931.074320126511,0,0
66412.87277706423,24,509.79484456424893,23555.55659020712,0,0
24613.03055427771,69,513.0336918725305,31494.808943239208,4,1
72943.2547919092,31,712.543478441477,25706.10559979186,3,1
47629.88152131516,26,481.05881071326723,7703.975301925905,1,0
43596.7839507887,32,764.2672953255964,18614.17317273103,2,0
34818.434371097486,38,509.93792653521314,2068.584562413522,3,1
25177.14992201346,52,663.8391925608383,20723.903111756757,2,1
62347.55875942872,19,567.1381524251016,19506.03412862539,3,1
51099.76950782606,44,660.3187431082343,-3698.1633953216406,0,0
30650.58650388419,19,545.5885997885807,3382.1615608763623,4,1
30573.818419045758,52,583.7207093927706,12168.611032562329,2,1
44963.229510648074,35,604.0919175395721,11991.402528591738,3,1
75035.32287934089,31,499.78125442185274,2905.2306458119474,4,1
46106.12972954593,37,674.0824345420126,18889.787293521837,2,0
27452.855703228408,35,548.6786433528415,17514.73608940512,1,0
46313.85403871084,27,577.1400084659981,13057.308680214806,3,1
45909.146453784946,42,500.56506253914876,7442.084998416371,1,0
9546.700355876426,19,343.76663412046895,25487.071264165636,0,1
49185.577002232814,42,580.8972237399831,31554.071130882952,1,0
46535.98204686983,50,841.2615421612916,10164.385161534628,1,0
60443.095472201276,53,678.4604287898023,8878.330828451792,3,0
77734.34142418018,48,598.0739620265605,19912.076654119963,0,0
66898.47544321636,31,573.7109170791732,11419.706202530138,1,0
45966.669641677545,18,602.2465892812046,13606.027993367657,4,1
33402.11136887495,63,654.711911517521,22396.531517246713,2,1
88600.3970487479,33,481.9187184691155,-4093.56087507293,1,0
50888.27651021732,63,711.4321694668872,28183.023248526693,0,0
50208.939378694195,69,671.5381315441244,15726.805243293413,1,0
49638.12369334995,20,671.8185725707934,10885.068554378198,2,0
52971.271411517824,52,643.8475738809727,14107.65845778551,0,0
47834.593821140865,58,601.961665769399,14624.293550205188,3,1
41395.069896796456,23,667.286123596682,-2312.0130344492536,0,0
41797.115881394115,42,659.1814133741378,29949.38227453236,3,1
49508.70094676002,30,564.5959289058976,15413.256322706186,0,0
41848.62843299352,51,542.6398227103099,19430.021304473754,2,1
39307.313259842536,25,610.1856295261987,24515.49770574043,2,1
51596.453415378455,38,754.9020151495188,4788.375424396998,0,0
46175.34173868717,51,476.0892924346099,19734.718990352285,1,0
72559.89482874033,21,453.247473424756,12323.589091012065,2,1
10235.45287410482,42,616.4760841236516,23467.707752164937,3,1
66372.60277883692,32,605.0887701856018,-6272.274203514953,3,0
68691.27788746444,21,617.3341664370408,14009.05699758731,4,1
18899.146513877757,62,624.3953197908501,8971.793442160384,3,1
44859.68608879477,29,577.6797745365195,19322.629506341553,4,1
44428.38701006313,49,748.9863438602082,19700.441873682023,0,0
28887.32457923268,49,439.90960215234844,7923.741051779739,0,0
38332.74968613687,45,517.1502975219754,7878.261358239564,0,0
33341.36231801257,30,589.6745239850952,13893.346314426706,1,0
76284.05665135435,48,435.68111888458327,6033.577726847918,1,0
64035.17589721191,31,582.4145595567929,23419.83695452127,4,1
69073.32642491237,37,766.1470165728018,11307.927995525539,3,0
60825.08096064853,35,602.0886488295962,-14069.882193216414,3,0
33064.22343174156,46,623.0700905718684,11251.77943378194,0,0
42132.196005803395,23,473.983523482742,4614.561791560276,2,0
57340.61841841877,49,538.3638591960522,-1312.7581546094552,1,0
31668.082866620818,46,562.4803619676063,2625.7336177742745,1,0
60694.97645258582,60,568.2284903243766,16094.084718329701,0,0
46395.119027627974,19,728.1643795003769,28286.408282482313,1,0
44377.68788675604,40,655.7691060725125,18131.8447386498,0,0
60664.39952305237,36,488.8542043062968,8934.966117842603,4,1
56663.9496722906,48,624.6504778432005,19559.041951707026,3,1
44585.507512713804,68,649.8221748496785,10409.096897810083,2,0
67389.94705046373,22,714.0149038521266,8053.996308368554,3,0
33784.05008600154,36,758.0540686568373,3456.3733176701553,3,0
59239.034104163955,51,498.49058081721313,-2518.288067517191,4,1
58896.51886952575,27,518.9142488789662,11100.762934405546,1,0
45356.803410290144,42,474.2422141085384,16580.534899201317,2,1
54891.99533363177,19,576.5980140893018,14033.763299851104,1,0
31233.296354220456,28,646.6358374446335,10840.330720526414,3,1
63860.40528810352,67,698.7334516589102,5542.539393032188,0,0
47226.46795335517,48,592.4048976357477,21082.461916849687,3,1
42159.154692214404,32,568.0152476745156,1828.68080053415,1,0
65735.13838755334,26,615.175799224874,22760.279138434755,3,1
39434.84464185861,40,516.4857098369977,4977.829810732752,0,0
28873.080554546606,36,808.9538721694773,7475.64762646965,4,1
26650.562397141442,26,439.23389728819416,332.1480938432305,1,0
59090.14927018459,52,618.4740578895725,9985.978531143634,3,1
30793.559712555754,38,802.3606219229639,24753.12458477979,1,0
76321.91272976546,26,600.6799844559998,20156.280884439566,4,1
18771.058881744168,45,580.9960964998505,24784.221120280352,3,1
75446.84552435057,63,564.2554577189572,20221.425459339356,3,1
53165.26200803927,68,581.9608318237592,3963.3017146963084,1,0
48549.30332194411,24,737.284847467653,11692.107756724427,1,0
41826.21369786575,33,378.8138088670493,7198.008708825373,0,0
55987.04171528106,33,753.3433701296326,28305.7490403904,4,1
49435.47946362727,50,457.6042847549855,3032.113535736884,0,0
66549.52823024782,21,573.3347670765585,23936.976893891107,3,1
51713.41472993059,21,557.0755579701338,23929.538701087695,1,0
52254.52642192817,56,658.855326977072,33296.202017160875,3,1
44545.81681679216,57,440.18756481162524,10903.134073705027,3,1
49145.81564418399,34,646.2172666081943,22123.22159580162,2,0
54617.026533380886,54,802.4309623286853,37816.51836538843,2,0
24347.474110150615,56,463.68259954071897,8823.583230663033,3,1
29777.218668414305,69,618.9706167610395,-350.4024753235972,1,0
61148.96141034072,46,533.8017822203391,-3800.100339077635,3,1
52562.981571919125,69,642.5887206193036,22127.120288613314,2,0
47240.24995470981,53,601.9147777415752,-3831.5020805858367,1,0
50276.5089959809,55,535.851309095569,11276.809470620772,3,1
55213.72558042507,56,648.7872284871074,19373.131870389607,4,1
41903.60479535958,67,780.4348109786742,16851.755368299142,4,1
38325.42911896531,54,580.9096208272701,19254.448641841722,3,1
52937.67882646522,69,671.9757942148182,17222.89855800854,1,0
35324.40833577452,52,470.6727042128836,27788.658133133933,3,1
56123.79133571708,24,504.3563623181991,5476.836192612031,3,1
24461.245936432395,44,647.2406277880377,8230.048615414686,2,0
65437.33455988466,45,748.4116028535965,7273.40554729176,4,1
57088.96223619564,39,635.561334878566,23301.9181186261,2,0
53840.44601470813,31,568.6941969476845,24003.985883950634,2,1
64740.36475918271,24,599.9291405423354,19512.253193185083,3,1
74982.11666693864,54,474.95922660302824,26834.936668899278,2,1
65215.55097527196,39,660.4515326355366,3219.5913262361937,4,1
22386.88653002532,22,688.233306232341,31672.24111551137,2,1
30806.345498964478,19,554.790966716692,30232.386217122585,4,1
40627.72133456482,44,552.9957852240499,22356.219972457468,2,1
50391.36575316251,38,626.5878229652049,32817.9890877106,4,1
57764.88530703685,55,556.3280263959405,-1566.2320767777383,2,0
39113.84280269802,32,593.3867385374177,9755.518637373481,2,0
52801.50146715617,38,809.9721789166515,7646.965393180477,1,0
38669.256014700164,27,575.2974299254004,22214.79323757343,4,1
40827.23295512078,40,564.1659847978777,4498.5926039785445,4,1
28900.083547276667,56,535.2458194364841,22574.951493374854,4,1
36151.50130833643,22,674.4191971499937,28705.361439967135,0,0
29724.730915754997,18,581.8775826781897,21952.029000839993,2,1
35361.90120534001,30,535.0626961678574,17837.51023661501,4,1
65804.62694911759,38,732.1304032273013,5121.266590992509,0,0
35759.01666752085,43,741.9603004513638,6531.490338746355,1,0
89485.73097256086,67,539.9576434261295,27496.189052966667,4,1
57399.76851321334,62,413.3460048639384,22793.490039053322,4,1
52772.54185542311,38,700.7513689836923,14609.804806224558,0,0
37124.6332972818,35,531.5370174239996,10820.904542341093,2,1
60504.64819113487,54,679.0625599162769,-5258.078731113768,1,0
41365.43260643339,62,402.9896182288164,4291.475813155612,4,1
51830.147219680424,49,689.259733829931,34114.19087139724,2,1
88401.26807403192,53,478.8828070719219,2195.444289975332,1,0
48559.10150413025,34,673.0764119066524,16894.798212210808,3,1
67239.09989428514,52,601.4273067836434,25074.439731951985,3,1
39452.35362311169,66,504.6060580603355,2450.7733199770755,1,0
49475.17264254557,28,559.2963687073219,16847.104747810834,0,0
76562.00953453264,38,668.6318456956701,24379.15537510655,1,0
40595.494133183485,69,610.5894453115234,15124.993219072503,1,0
77186.72836995393,43,658.4412980472484,43684.03055666768,0,0
60616.279031832135,21,797.6440584515485,-1685.9925887819518,0,0
41562.99836158598,51,443.57583882889486,25587.28529883879,2,1
59486.116085832815,69,761.7212574968623,13271.982626035357,2,0
64588.316744400945,65,610.4355937523213,22719.20154836675,0,0
59327.149433257946,35,510.1215951676872,19413.07151699246,3,1
26446.629201643154,57,466.96863742610105,7668.438028900035,3,1
39092.94236262697,52,581.0879609222967,17289.9639245934,1,0
46287.22046672743,58,692.165011192446,-3579.014513982871,4,1
48883.498563499306,46,587.2450879622465,21032.47500571394,1,0
59310.08146326017,69,751.1154930247347,17981.584659905257,1,0
52665.51501399881,46,454.88243099484407,21386.601686431022,4,1
29969.83461934848,55,598.7911052153945,25581.1832508715,0,0
55702.967765089445,59,474.7606555586881,18676.19840209711,3,1
59158.786179257346,38,636.3631882624968,16480.89419798276,1,0
58396.856718965595,59,688.68873900973,6189.316633387078,4,1
66211.71088331932,30,557.9238206318946,7877.79236350949,2,0
62508.83231823356,66,339.5786143372866,26867.34620177331,1,1
56887.70118842655,58,619.8948146796495,29363.354057059783,3,1
48947.51432812029,34,643.673855173351,12618.895636879459,0,0
25085.58599726013,26,640.4294754961697,15460.027472532742,1,0
56444.273286988784,58,723.5782191822154,5953.856250062339,1,0
53115.31530744667,18,492.8946320350951,26727.568452674448,4,1
54073.6825579306,19,668.021610545045,21654.168236917787,2,0
30848.77136269536,65,719.2507512477976,34412.174364637496,2,1
33784.151893876064,46,422.1412415993483,6216.769228202611,0,0
65797.29279999355,50,631.9651825918977,11219.921009817828,3,1
49406.672692150176,27,549.5820168992328,17314.459225255723,0,0
60222.510460589365,67,591.8477326898354,21464.895377257708,1,0
50424.77564195692,57,634.7676483538337,12843.323624523677,1,0
50446.34209243618,38,551.2771435886448,6270.389095462995,2,0
64074.25708963996,45,532.4291920838389,23814.075289235712,3,1
42259.32907673939,28,603.4152417488025,22211.353625455817,4,1
51441.811654114754,51,491.2754061137197,5837.25899436275,3,1
43065.87066942436,25,491.4174871114815,28554.42801105496,1,1
43482.55658851527,39,667.9373282956503,26701.98709196604,4,1
45362.41814797041,25,485.1205964841344,16342.964972477928,3,1
53332.00657450569,66,666.6312500909212,15795.978623760364,3,1
42818.77067504784,32,646.2591292853951,20540.577711159072,4,1
68836.34188360281,34,427.41932712094035,6382.969297437419,1,0
36580.89046670744,40,532.2435347664345,15300.314791640822,3,1
47196.92533757961,41,719.4109403047372,-6523.835446091805,4,1
43404.034125887374,62,501.88344688603183,23764.556455029357,1,0
71704.668265306,36,553.5595737690612,-614.9322244185933,4,1
52948.32164767362,22,646.2060893251896,30034.19828428999,4,1
65477.66809202952,49,678.3390509282596,11698.799060335497,3,1
27716.59440444542,61,574.8461113955505,12883.33018068823,1,0
54005.75398803888,18,540.2489805308359,8722.660939154943,3,1
63344.46193435155,40,742.2369861698508,12119.611260779237,0,0
51234.259839131366,54,773.8899663797579,29185.313451480368,0,0
65982.20562598026,25,697.8858050781796,-9878.086565350794,1,0
42240.673248494415,30,608.5318142565025,27769.653860881877,4,1
71140.2116027837,25,519.1734278359073,18380.234811017082,3,1
84483.47185428876,40,516.9555593443434,2929.783521427844,3,1
44557.42159340512,60,652.2514105265758,4246.876069507622,1,0
43317.462178988426,18,641.8398220888683,31763.93027208203,1,0
71800.7671567655,62,740.159859294643,5544.931200572688,0,0
73693.58218596068,68,665.0450092536139,3466.4948940404065,2,0
42157.09959270098,41,449.6919698240182,26373.145423647293,1,1
43697.19774356214,52,705.1947617722918,18385.528762859143,2,0
45773.230867092396,41,500.1939372685587,5620.744234636011,1,0
29833.242334485843,34,561.6028728047648,17166.24975404619,4,1
36220.22080273703,22,625.0200206251694,4742.4731635972275,4,1
34937.88849871898,37,799.5667489783964,26008.21398422605,0,0
38483.03652343807,38,910.9918556005362,25613.709648731336,0,0
49479.72668919828,57,660.6723059136183,20320.06198821943,2,0
53513.22098804781,48,581.6803381279612,18616.610612470166,1,0
73257.50739221115,63,653.450564848055,32611.881248673737,3,1
35024.68938891814,53,688.7655425873836,14996.863273882253,0,0
64764.83597714876,28,567.9332374442808,3181.258745791989,3,1
46790.16733661736,69,779.5211355912322,19494.739128323068,3,1
49258.044355213504,32,623.0070759191402,35860.47049537113,1,0
60122.29238249906,36,649.7743089091394,4852.405068141479,2,0
33159.16967656552,24,666.5924252054461,11385.372333060142,1,0
55736.14619276076,68,642.1586610614456,19164.460381014527,0,0
52496.78312319584,45,683.8940500469612,14460.951509942608,3,1
57386.76896012224,68,538.2746813453077,5176.964196226854,1,0
54337.52965861727,60,544.1698246053969,26218.57856230471,1,0
86829.50209866342,22,489.9845767028305,38200.407220172594,1,0
40433.900236230256,22,643.9501230620226,16961.314590239075,0,0
42035.04567497274,47,677.8936503512114,5959.317102639998,2,0
40652.89210362853,49,645.7772866151886,-489.60525053475067,1,0
41667.843212596184,25,767.4492433347538,17579.759812211807,0,0
40439.19309040223,27,599.4403981170954,26038.773433162576,3,1
67835.24796661327,55,666.8741655592513,19751.677464953817,4,1
71307.56371984782,64,490.8299123860686,14975.961590811461,0,0
41438.805593757854,49,561.2900297525599,9107.283482106937,4,1
37514.66640343657,65,669.5537757565778,4078.363672819103,1,0
57071.23334579606,45,684.9102110743144,23347.513263248824,1,0
41716.65433578543,34,570.6033052335818,24137.716213855856,0,0
59493.97726633266,48,592.8400748141934,-457.2978669073309,4,1
53043.845312769496,25,448.21262533191907,30898.389781806836,1,1
27263.838275041522,57,564.297079919339,20740.712208940015,3,1
73212.57801995092,42,689.0383163519787,28995.946451457934,2,0
76938.16509643283,26,657.5205016106567,1578.7225151488492,2,0
40808.16964273421,19,650.0665721381209,1341.7584458456113,1,0
44184.47660096024,32,604.977368718096,13510.306902327031,4,1
54287.98086087358,67,600.7063158628176,20027.844268951943,1,0
55016.851849805375,20,533.9678860526553,32963.60822926964,4,1
59878.164090092454,66,669.8828420202535,22060.789138151315,3,1
80153.06808149524,53,642.097294438939,12573.187231879667,4,1
47345.79158758926,21,649.2018847992799,4736.307923341079,1,0
38025.541331923196,31,547.3965157332419,27300.0057271915,3,1
29310.21157978209,58,384.6657080128756,5352.945742492851,0,0
39036.04940087121,58,709.7152711753696,31284.685547723217,2,1
49503.095406893044,42,552.1162543991596,12156.153503934907,1,0
76918.36795276681,67,513.7224235956879,30905.820726178503,1,0
42235.830514457426,27,669.3478911913994,21789.312900592784,1,0
53356.819274583475,38,560.7987360080871,13630.045105575417,3,1
49753.65655890872,53,705.9936384046622,9806.036281738734,0,0
67825.89910172127,29,661.7005949576698,11590.921226539202,4,1
87903.98638810433,44,668.3569323200478,19283.166923752375,0,0
42036.96840619519,57,463.4044288799466,15771.564962177168,3,1
42658.40836222667,19,721.19439853864,9061.885919312948,1,0
65662.41315603608,30,626.1250531233856,13343.685896823677,2,0
60228.37234439467,49,563.0722860753797,15785.770297191499,1,0
77700.6098860405,48,614.3388467342251,-6287.34094414812,4,1
58758.92277988946,33,422.376476710168,19581.681147886986,2,1
44610.61863819411,49,640.8652811480671,5202.787752831931,1,0
58859.82246038464,49,497.06284918179284,3466.6759679425504,2,0
66630.55370874362,51,464.73297141564655,-1873.4434711071044,0,0
62307.23271796046,28,447.7640813782109,-2938.924978678904,3,1
57609.11046660947,27,711.2688374989925,1445.5249688771073,1,0
66000.1203438373,32,537.0736606307212,7909.790423695095,4,1
67539.4338566851,34,753.37277099165,34532.59137526568,0,0
70732.38486556291,57,546.4198536947703,9741.20324104796,1,0
59730.64831384464,35,429.26420424070534,16777.501062680312,0,0
47493.22879524718,26,488.3475560051341,19004.813865063286,4,1
52200.705296499844,42,723.5811620006939,16310.651862158487,1,0
68097.63449762535,57,584.4101822063333,14225.565392740064,4,1
37745.964935191456,31,545.17127035094,3047.0623640075537,2,0
55530.099633093516,42,616.0018225852788,29509.275482792116,4,1
44099.91781508959,67,650.1782736167545,33071.96643637885,2,1
50431.17234402226,39,711.7398815902461,-1826.5869412268585,1,0
69176.77793910948,69,744.8499229892926,4759.714091136204,2,0
52866.48602029855,47,564.0231354210914,12201.89657622994,1,0
50696.54822234223,37,467.3952313917962,5354.622050898086,1,0
29602.15788530121,38,558.6534838876723,20059.655534558653,3,1
61193.80349040831,61,626.0280506582886,7717.277975933869,1,0
59682.26271711613,49,503.6241073789389,36650.560678066024,2,1
82448.8208495819,68,504.2849085104957,26905.48594343596,3,1
45383.32647570499,63,634.3787881549886,17125.74030632215,3,1
53287.254914959085,66,595.1347648429548,25269.86263319732,1,0
53740.75525566133,38,603.2796995411586,26059.00424357309,4,1
73661.79919645212,52,524.1504665299931,9360.525119417569,4,1
48570.567014195716,49,576.9599285794233,6837.827554580353,3,1
54185.32288655509,47,507.5766855731696,15781.430629696475,1,0
59118.44764574809,56,689.0198411124787,23616.36124497944,4,1
52799.13684734537,66,703.5249334723752,16390.603986534177,1,0
43303.49578174208,29,415.38121377619063,-769.9648219099727,1,0
52911.34989347462,58,507.048913980759,6971.755560491577,3,1
66104.47624789659,64,450.3470744909921,14260.27136405622,3,1
34602.270508834095,35,534.9976065593102,14243.343956741697,0,0
51994.54511220314,38,591.6562030209639,34725.42176789808,4,1
39498.1877759124,30,455.035478030147,1140.1205760100202,4,1
67925.69943387264,38,507.81401868746866,20055.892418358744,4,1
27152.19642824338,25,499.60426279185015,29891.131083282897,2,1
41616.17229092617,63,620.7267329398944,37714.49745422796,1,1
55658.17812596781,57,606.934433703625,10956.025768160387,3,1
73482.86043851511,63,527.8262446662746,19914.294527201997,4,1
49013.746083905186,24,617.6820872139398,20697.60357198647,0,0
41672.00709960202,40,545.3319915412735,16954.81731553291,4,1
78217.35604160884,61,572.8344889673947,14011.54798760694,1,0
28279.79149375634,49,767.3452090298537,19359.75389500046,1,0
17017.910650698774,28,734.0461051790348,-10322.460852196855,3,0
56600.216750799984,39,470.0418763072403,21820.694900626313,2,1
42469.18663471083,39,682.9732417879175,16261.779036619671,3,1
34681.5077430393,60,681.1396554491592,12775.251032217346,4,1
60625.3467094903,42,485.1736711247382,35468.62195719557,0,0
53657.010706567984,39,681.8777643754861,8250.659812094476,3,0
41538.820538949076,45,753.7931918412553,10969.240109349692,2,0
30795.434019936583,46,487.7455193755586,34915.53302204734,3,1
63086.859924202174,30,508.24971789857364,6679.386951501434,1,0
59753.017669379915,35,701.7661466843502,9498.84717063461,4,1
48512.36204330926,19,627.1495310825647,13529.7457656915,4,1
77699.554940715,46,655.1476275239523,23407.34482129549,4,1
33948.72850510771,38,634.0589216400497,17078.025073533136,4,1
27117.122436128917,32,639.0695920928144,2073.7465284773734,4,1
39621.378951781335,69,467.3527871688917,9678.314368728104,4,1
49316.209754667536,44,704.7317706621449,8926.455667877886,0,0
53650.091739840376,67,716.9589992427774,14227.789547769544,2,0
46381.459132155054,48,577.0609255931972,19258.436586298292,4,1
55280.83094771445,32,595.6523050186138,19182.057558879722,2,0
31226.90863714334,68,446.8892497444278,-2760.1175404840214,4,1
71656.46906109889,40,651.4254756017835,25639.40987560856,3,1
48767.732324111465,41,657.2057441714144,17525.688459966233,4,1
66759.43747382192,61,593.7808983000689,28845.320475939065,1,0
55140.88019566556,30,712.4353359870503,19441.98327290672,0,0
56851.29828730676,39,566.592276902006,26013.229577357622,3,1
58546.50920348306,60,656.46059258936,19665.45311450127,3,1
56715.628400259724,54,498.0335661307885,28462.25756202748,1,0
59640.84139801316,50,597.6447849125761,20222.506360177787,4,1
69937.28795198648,20,582.5645742097164,14020.84753557096,0,0
52947.817545522055,36,622.5307922040942,37724.34720446882,3,1
60635.05636382769,40,563.0473071166641,23890.37122279892,0,0
48653.964585691596,46,586.8527404328332,20737.44421004413,3,1
71601.75823174209,47,682.6047171441506,2236.9558346166414,4,1
39854.115469110955,56,556.3235762761783,2116.9238253646236,3,1
77014.10649366223,61,439.3422899261321,17927.154821418535,3,1
49397.63074033485,64,774.9583904205421,16455.211977682407,2,0
28538.373468229278,42,738.1454078690487,8858.77434991684,4,1
51921.56622366184,54,470.7737304894381,16409.8269961206,1,0
39784.22513787678,64,668.9707805245195,30886.269280435958,1,0
62609.65323483086,25,549.7025229448657,21954.024745502986,4,1
40210.640310464136,59,626.348721533106,3589.9149024726175,1,0
43307.248501778304,33,629.4224129013494,13884.911728570563,4,1
21656.889035817036,25,576.5592199683678,6950.335191474392,1,0
43215.405211263846,18,521.6234334413604,11123.000835914389,2,1
13641.81010056565,61,530.945894768374,10863.843343703573,1,1
26241.45764771415,22,508.38080845187574,10223.544173959948,3,1
61406.21984216446,20,516.8177791769556,2448.6462802660517,4,1
61787.00237976248,18,593.2821709950645,13723.4531848181,0,0
56381.86342677447,21,528.4240010889248,9393.9236315269,0,0
35495.3578530618,57,668.205206571262,-14294.486900022679,4,0
49284.3296578703,52,748.7246155335927,35529.72024501663,2,1
49945.96191364148,49,541.9946758629957,25887.69654216672,1,0
32624.529662111858,59,623.9404500535377,11236.99275075004,2,0
72550.97452650726,51,649.9685110302934,15188.190497405983,0,0
63160.43435863507,60,647.2002270919274,3283.4565268243823,4,1
46685.53739255504,42,607.5955267916088,31957.228778108652,4,1
50403.28758491796,27,674.2682418359723,33972.88694773112,2,1
53125.74211921329,38,648.2248952680657,16566.937282465246,2,0
19373.97697363564,63,476.2337577672702,25235.30644185345,1,1
46292.339262191046,56,686.9156064389273,16752.867789339238,3,1
39770.23628003302,44,688.7290837266742,1632.7456112406944,3,0
34975.69985157627,44,523.6713895821418,10881.766310363426,1,0
45783.495606710676,19,603.7937835447602,16319.279667719571,3,1
76965.29790274284,58,668.332899281107,10454.52281256556,0,0
59612.64291900515,65,579.0686180420638,12813.46722564964,3,1
41432.31515325805,30,707.2978047766012,14086.004424908855,1,0
58588.74172034238,26,836.3872494619361,14191.215021345386,3,0
