tiempo_sesion,paginas_vistas,clics_ofertas,dias_desde_registro,compras_realizadas,monto_gastado,scroll_depth,rebotes,tiempo_en_checkout,dispositivo_mobile
17.483570765056164,4,2,51,0,97.87495444982173,63.15474843903488,3,4.033043730011246,1
14.308678494144077,7,0,362,0,108.13658693558328,61.41925256835698,7,4.943021750979214,1
18.23844269050346,7,3,112,0,99.38116620931818,20.701980404953424,5,3.5689744677545026,0
22.61514928204013,2,1,244,0,60.77348351079862,20.137985768787257,2,4.910866201149036,0
13.82923312638332,5,1,169,0,158.18998141482354,27.813305450089835,6,0.3281386058898068,0
13.829315215254097,6,3,72,1,175.23044584810594,28.124528274334306,2,5.858079135135097,0
22.896064077536955,5,1,139,2,121.87558813806737,76.39175271638368,6,4.756525492432749,1
18.837173645764544,2,0,336,1,123.9240711904462,36.39328260127998,4,4.327592526666471,1
12.652628070325239,7,1,231,1,105.24196655844693,91.57712838044903,3,5.439516167880287,1
17.712800217929825,9,2,239,0,138.7681288711601,94.28850636616156,2,2.1328721540691187,0
12.682911535937688,6,2,253,0,2.274187790770725,98.0714670316719,7,8.858539993242566,1
12.671351232148716,5,1,49,1,99.84550884832554,95.12650439096161,3,4.7944650770248005,0
16.20981135783017,6,1,303,2,77.09491989217953,41.75106575348197,7,4.708311134055621,0
5.43359877671101,5,4,72,0,105.83272392085156,60.782147576281,9,3.0692075797341554,0
6.375410837434837,5,3,263,1,143.70510260692433,34.03639761575528,2,5.047892764898522,1
12.188562353795136,5,0,322,0,100.76136704864308,84.49677241379464,9,7.773919780546561,1
9.93584439832788,4,1,222,2,85.58030645317315,91.07453641152769,8,7.0718324188640675,1
16.571236662976368,8,3,77,0,43.8691588103821,88.1031071438012,5,6.708875502281112,1
10.459879622393945,4,3,62,1,95.62893951126439,54.66935589574679,4,6.092797903334543,0
7.938481493323542,5,1,157,1,126.89110787642718,80.69391077494248,4,4.282914944874781,1
22.32824384460777,3,2,294,3,66.35647491952126,27.806333566101557,2,2.099673665926596,0
13.871118497567322,7,3,125,0,19.866405719622335,23.219581649540054,1,4.59792245626673,0
15.33764102343962,2,1,229,1,190.96960604845447,80.25891314470087,5,4.5282570709326455,0
7.8762590689327165,5,0,340,0,113.40701936402785,54.0284219462947,0,7.0975888793424815,0
12.278086377374088,10,2,161,1,91.13705645636165,99.64394117916554,6,5.618780884919641,0
15.55461294854933,7,3,29,0,155.6397922081749,27.780337268442594,4,8.224623055807097,0
9.245032112888486,7,2,114,0,105.65917365935215,88.4502145228187,3,7.394977080076349,0
16.87849009172836,10,3,79,2,153.28127246524934,58.39864524231934,8,4.087008780991809,1
11.996806550405974,1,0,23,0,149.85444863508891,86.17201564031016,9,1.4097416067602633,1
13.541531251033616,5,2,106,0,49.01916504459478,85.37018257361159,0,7.771150467882962,0
11.991466938853016,3,4,131,1,118.39978465652221,93.27936010896619,3,7.718770446461488,1
24.261390922544688,8,4,357,1,169.0114262787738,43.82800090288822,2,2.267576818195548,1
14.932513876310331,7,2,173,1,60.05397238608772,95.98394827696025,5,8.018480039655001,1
9.711445355220498,3,2,264,1,60.545016317906295,32.13335682860962,4,5.764234341185036,1
19.112724560515943,1,1,342,0,67.31195721991944,26.557502207479242,6,5.321370996251306,0
8.895781750144888,5,1,285,2,135.6167434196083,54.529241389787934,0,8.229566508494655,1
16.044317975023777,3,0,2,2,111.37542851454376,86.26583749134741,4,7.68937034646123,0
5.201649380601122,6,2,233,0,22.569106766414976,57.873690450675646,1,6.3026619039904075,0
8.359069755507846,3,0,251,1,113.63784494067734,86.34293420244113,1,5.946434131623966,1
15.984306179345618,4,1,321,0,89.92340268515369,78.37494446354441,1,6.232788581060718,1
18.692332899977053,5,3,108,1,95.50896525399325,36.754270891114686,8,4.199885132234948,0
15.856841405949853,8,0,276,0,66.5191961423554,95.9105299919571,9,4.889797100535358,0
14.421758588058797,7,2,180,2,113.93032886056533,24.86249349035227,2,3.195365690810915,1
13.494481522053556,5,1,213,2,142.01833121227835,91.86237660350359,3,4.3339204485221625,1
7.607390048162863,4,2,293,2,74.3213453067008,44.35547591922992,4,4.266732242662134,0
11.400778958026457,6,0,72,2,32.70175876252327,60.01184665315194,3,3.7293892607566708,1
12.696806145201062,8,2,283,2,87.8754271393314,53.78814981605876,3,5.273493005296926,0
20.285611131094576,4,1,175,1,130.25146914408919,33.746764553353295,4,4.3520382985988455,0
16.71809144784231,3,3,123,0,83.1587861655002,48.65174931213545,9,6.004469440703948,0
6.18479922318633,2,3,227,0,40.09804155359355,35.434754903423624,8,1.7553587734124694,0
16.620419846973974,3,2,301,0,130.52971395677523,36.31091803684191,8,4.773290411785401,1
13.074588597918417,9,2,83,0,156.6139258799325,34.964546882110426,5,5.263103280354992,0
11.615389998470206,5,2,253,3,100.80062200443696,59.12139042772754,2,4.378741520326239,0
18.05838144420434,4,0,146,2,35.768365600736075,83.83450940090525,5,4.655214600381537,1
20.154997612479754,7,2,120,0,87.28677831921823,65.51760270089929,9,1.8295079785402852,1
19.656400595580994,8,2,65,2,106.06155523301084,91.45652708406735,3,5.712954209338984,0
10.803912383886807,4,1,281,1,67.61146770993096,70.92355908613794,2,6.295211965134141,1
13.453938120743928,4,3,283,0,123.3348892508566,75.14720925060836,5,5.987074588407534,1
16.65631715701782,8,1,106,1,63.701555404008026,73.40857837816026,5,7.077454118884366,0
19.877725635611796,5,1,300,0,101.02510689608101,55.95673545469929,1,5.403059211565004,1
12.60412881077355,5,2,107,3,90.86711662646549,75.14710577600663,8,5.9573623613018745,1
14.071705116680914,6,1,36,0,124.63419192600344,25.57661971751689,7,5.312181476913705,1
9.468325129969859,7,1,147,1,99.42923289621768,88.78811775325305,5,6.375101439184988,1
9.018966879596647,2,0,262,1,92.14033199682959,82.22497147551339,0,1.8455407277357558,1
19.062629111970992,1,3,159,4,67.88539039064285,39.61839665853431,1,3.212838064043978,0
21.781200142854114,7,2,265,2,101.39076058373072,81.44259634032659,3,8.173799314066182,1
14.63994939209833,5,2,202,2,89.59169994564233,21.01140811200148,6,0.07912835580758948,0
20.01766448946012,4,4,155,1,65.1787897508797,37.37972579847043,8,4.719644140349312,0
16.80818012523817,4,1,13,2,106.37964097673733,25.210979093671675,9,7.344549919216137,1
11.774401226974378,3,3,297,0,114.55885360224394,82.41815332943158,4,4.813478668916471,1
16.80697802754207,8,2,322,0,86.46371111772737,80.46993209427097,9,4.189977857098605,1
22.690182832329846,7,2,85,1,137.2627692425503,85.09088190414646,1,5.258843353630601,1
14.820869804450242,1,1,280,3,110.55897237744632,20.358535466042305,0,4.293759639995107,1
22.82321827907003,2,3,245,3,48.64584452565445,60.09861813427264,9,5.061698985513878,1
1.9012744795512777,4,1,300,2,153.4957597965473,76.38689580138691,0,3.633237926959741,1
19.10951252187612,6,2,362,1,130.67951725520146,32.432090299121235,4,7.217348839911448,1
15.435235341190856,4,1,354,1,140.07324845046125,71.98325820100997,6,7.846529842131321,1
13.504963247670663,6,3,316,0,116.02011827451082,26.728807944774857,8,4.733219355776755,1
15.458803882677511,8,3,9,0,6.490914378919172,34.50606848834505,8,2.2270211586175135,1
5.0621554269955364,7,1,247,0,143.70474365027306,58.06374519956808,7,3.9523136593732096,1
13.90164056081244,5,2,312,3,102.43150733279934,72.28521221448815,0,4.632022679794072,0
16.78556285755873,2,0,278,2,114.1287672732318,31.669530156311687,4,6.011077753806417,1
22.38947022370758,1,2,238,2,121.61536191094659,34.81786646647503,5,2.983973553658644,0
12.408648908631763,7,2,203,2,177.45108450578255,36.35570936525304,5,3.461675362715699,0
10.957531985534061,4,0,247,0,78.15105262135576,39.096064375918274,3,6.021352275717614,1
12.491214782077318,1,3,235,0,79.18388039042196,38.124307882103295,0,6.8778176640791155,0
19.57701058851037,6,4,81,0,65.9586191316173,51.61192867981094,2,3.756811909658632,1
16.643755548298422,5,0,356,1,57.20229794419531,72.30317206693783,9,2.333565892098008,1
12.351198981164806,8,3,13,0,57.93875065661219,55.042542650757575,3,11.568236402575767,0
17.56633716556678,5,1,327,1,25.92941014918327,82.07791269999106,3,6.566608474177427,1
15.485387746740201,4,2,16,0,117.06623242369903,77.54148047588919,3,4.465992476465937,0
19.843224952664446,10,3,45,0,179.51226259048343,30.122153123926054,4,6.738062551061679,0
11.489734530613237,7,2,321,1,182.0629728728088,23.907329865659513,8,4.751086740571155,1
13.361689267011158,4,0,139,0,65.90527503831997,90.2353251199685,3,6.734313778200373,0
13.039459234339212,8,0,326,0,89.11382489443046,26.386485325029874,8,5.318786395552444,0
7.682425259339407,5,1,148,2,149.33368721803186,31.867134457577045,8,5.182543796335146,1
16.48060138532288,5,4,355,1,117.29387856831133,21.770662044649445,0,4.772836263538423,0
16.305276360899448,5,1,236,1,105.38062686378463,70.2669092238923,4,2.1052373330738203,1
15.025567283212304,2,0,191,2,89.73061684629727,66.58964505266789,8,8.87618979878628,1
13.827064333124266,3,2,101,3,147.13205779772844,98.95229331482045,3,3.116932159464513,1
7.923146289747929,4,0,105,0,57.07796165174136,90.95459170537376,4,2.279952847378811,1
12.896773386173205,9,3,250,1,119.23500261783866,52.86745419847278,3,4.574280234487265,0
13.286427417366152,0,3,94,4,113.79735370090448,49.726867273002796,1,3.0770563729789866,1
10.988613653891905,5,2,220,2,101.734878267334,43.748162742398804,9,4.8965744188794575,0
14.193571441669954,5,4,298,1,131.50918629734343,32.19255360303051,1,6.3755276971235375,0
17.020254284072692,5,0,339,2,101.34949179731206,31.046692528160726,1,6.990605801058446,1
24.43092950605265,5,4,133,2,78.61889640250209,30.582696640768432,0,6.629461443243363,1
15.872889064159194,4,1,361,0,103.70045235928569,29.129180574942282,2,4.38873589042864,1
16.28775195361382,9,2,155,1,36.31585321448692,39.24096339244295,9,5.099183655323172,0
14.627770421169163,6,1,28,3,124.50858924786267,44.533490425049315,0,5.815758101794982,1
5.406143923504793,2,1,282,1,134.72917013998298,96.92631768311327,3,1.484425152115855,0
14.867430622753915,6,4,116,0,73.73541874215374,66.27786008015086,0,6.141169400239719,1
15.301151049705132,6,0,305,1,64.21955113526906,99.00766196106248,3,2.085401424832337,1
27.31621056242643,6,0,234,0,75.20993373315676,49.79735582605386,2,9.080693197812979,0
14.038195176094387,5,3,1,2,97.47908090480439,56.610130607155284,8,4.190969830716609,0
16.507736711668063,2,1,348,2,108.63543832142389,45.96629273322233,0,4.630249645610817,1
14.826441151473784,5,2,240,0,164.61967775560322,34.631012071724214,7,3.460585801524289,1
9.156609811902339,3,1,58,0,159.5636406444462,31.453176622206335,8,3.7400599362886204,1
20.714114072575104,3,2,335,2,133.26170660290134,95.60633582462656,6,9.54818713828648,0
18.759665163433873,3,3,183,0,104.85042649396738,98.94485454390046,0,6.880739377246595,1
18.955159735215233,6,3,337,5,62.92303655601568,23.592759720698524,3,1.9015951097043233,1
10.453062726026305,6,1,26,1,167.18548933685048,32.027669978541326,9,8.008425801370459,0
22.013971554680495,4,1,77,1,90.09431477270765,53.881927384081806,0,7.386484550282863,1
7.990744686038596,5,1,217,0,111.25496535741007,34.90667810755259,3,4.437575075423423,0
17.934285469001352,5,2,328,2,125.09409554177464,49.11043149015066,2,5.6133938840596755,0
25.952278129049894,7,2,325,1,102.4638342149071,30.32770798877067,1,4.970111841157851,1
10.047318374346558,5,4,262,1,146.04389381795286,56.520940537743215,0,8.945159808893864,1
12.16851135198614,3,4,23,0,118.21567776410076,41.73556929354074,5,3.4074196220158193,0
15.498256825438206,4,4,244,1,139.5455408855705,48.152404460692864,6,5.2920212195514535,0
12.482621729419003,7,2,158,2,117.8938223722535,27.54501211701981,5,4.143709338014391,1
7.246682844669337,5,2,206,0,98.4840135112574,54.25024405681134,8,2.1339191907642916,0
15.342814874030136,7,0,310,2,102.96742446088663,98.66060887692558,8,9.383276510109974,0
9.688481431369475,8,2,87,1,97.51038086703993,46.306643750495226,1,2.6368668417951753,1
17.36796215317591,7,1,267,0,48.628567262822,90.11434198739481,1,5.440258374975552,0
10.402878828830985,5,2,134,1,59.96722156065531,87.45593132989481,8,1.5185987872393292,0
22.749672025087698,8,2,267,5,129.62190143294728,96.16467346377685,0,4.201858921513813,0
11.083733538318814,4,1,333,3,49.62514900136148,83.20876098136756,4,5.843937642866915,0
13.389692418971622,6,5,268,3,83.83106838499253,72.76774616470519,0,3.3505320409952746,0
19.067586086848348,8,1,53,2,57.99585722133329,88.52675553819661,6,6.17360370147131,0
8.845678417830225,6,3,99,1,81.69124207844727,26.05157445258797,8,4.461917816223835,1
16.137299673020646,3,2,247,2,93.78922783584962,57.02645257590462,5,7.320165024797227,1
21.53571377141214,8,3,36,0,83.75064966534096,99.14049908920471,1,7.723521826680447,1
6.962583827193862,4,4,28,1,42.865422909997086,81.56801210357858,5,3.8265104785399764,1
15.923169292661521,7,1,220,0,92.57877990614143,96.96603024297785,8,5.153465718785914,0
16.299413971242117,2,0,102,1,61.644153542084126,82.37074849067832,2,5.3669084529444655,1
18.90911435888655,10,4,263,2,74.53771161095595,89.99055739537154,8,6.238698590869397,0
8.81524644560959,6,3,271,1,129.6208061319998,76.52237058425527,7,5.028763992488532,1
8.397716934578618,4,1,224,4,138.2157198582943,80.84016035337919,6,5.380421918685684,0
17.60970782808449,5,2,139,0,47.56116657108439,61.85424078716005,7,4.513187050409761,1
16.48492336616593,6,4,280,1,162.74663588312586,93.93901606513063,9,5.230479733944037,0
16.252464251729382,4,3,286,2,79.59653693124088,86.00311284986893,5,7.595880387070265,1
16.732241047484877,5,1,250,1,75.95959517472433,87.51079725325057,2,6.292166482423709,1
11.599876392107547,6,0,322,1,64.33380850636877,73.84072807704419,6,6.402511278886738,1
16.161268485805017,3,4,317,1,102.23648299946146,44.36639576697992,3,6.4461406482711565,1
16.465362366493405,7,1,78,0,179.26201000195744,22.850383631211145,9,4.692382444237929,1
11.42824290986816,7,1,297,1,38.413623241884466,94.85241035276357,4,5.637654087159061,0
24.328872555723784,8,3,338,2,17.72454946313701,66.88962790443975,7,2.8296526433285107,1
17.36916460455894,4,3,307,2,110.74042102988355,43.85143769185122,6,7.537615312633914,0
9.043482513986756,7,2,351,1,122.77356691701193,31.930808627803025,6,0.0,1
18.28276804316915,3,0,13,1,102.10688839260874,86.36185324006037,7,4.82570321532915,1
10.126591648863393,4,3,346,1,123.83197901665328,86.92161555580631,9,7.281791954300548,1
18.93542301871226,4,1,82,1,54.749560264398426,85.16063745044252,2,2.272264132741317,0
20.79297789503702,0,1,9,2,62.20520910816982,71.6066153573429,2,5.799559835233702,1
10.896588408241447,1,2,213,0,104.95831730023585,49.28123100735007,1,3.6384671068419463,1
19.81688064622161,1,1,48,1,170.322774429153,44.32562278242056,0,4.262393469622262,0
17.06390463468249,7,1,49,1,122.42722640360203,20.684381609453617,9,6.891881921278875,0
19.11030079997245,5,2,309,1,124.2881595897698,86.68860469505923,5,5.3961138517703,0
24.483964913269737,5,1,40,0,57.052940177309985,26.9946157994914,5,0.9312882642312745,0
13.773059419985648,8,3,363,0,116.89620331327686,70.46039984326141,9,3.047148920536803,1
11.231319178212551,3,1,280,2,52.7140300479281,60.32599574720707,7,6.950671469777519,0
10.552427851872384,5,1,226,2,170.71029431840842,62.13514871410809,5,5.897885436385995,0
10.920948575172808,3,4,108,1,59.522907625465066,94.13702762462187,5,8.496271145048569,1
14.61449145292948,5,1,245,1,68.14077526006551,22.52920090169937,0,8.365295188026595,0
16.70575987408322,1,3,255,0,41.076974277415445,81.87137797030178,6,4.315509739706417,0
16.383453996650097,7,1,33,0,103.43265278225579,24.16419186938457,6,10.006475610138978,0
19.13591624518012,2,0,23,0,101.75166591452434,23.052288474830178,9,5.0489593397038215,1
15.065009459389534,4,3,333,1,160.52964324706852,54.385415851310555,8,3.0746629311819493,0
22.267670385786584,6,1,54,3,131.05659674553723,25.046013947437338,6,3.7327202681788454,0
13.67671583381022,7,0,309,1,68.369331469798,83.13151610343297,7,0.48654978942116234,0
28.600845832948096,9,3,49,0,134.93582145669131,62.365047491866974,3,8.214038016498563,1
18.12833673882503,4,1,78,0,50.25937310703632,22.323102612781955,8,8.189523978087728,1
10.714212217918586,1,1,336,1,71.26587844677428,23.24005491855356,0,2.968985122373358,0
9.645537509694439,4,4,358,0,104.73838194956882,69.01348237915835,7,4.544231423236188,1
17.412362076215928,6,2,122,0,54.72454485869606,84.4889454126724,2,5.191215088225155,0
13.882686073370746,3,3,359,0,142.58635401632569,55.023962501981885,0,3.0792938957157725,1
18.57000247046046,4,2,90,3,191.1725133939209,64.36645372284995,1,1.4897959374576768,1
17.366188122867726,2,1,346,0,88.21911636749452,83.98635632399213,5,4.579284792446177,0
14.635855436715635,6,0,193,1,73.93252325235188,68.84049392334553,4,4.357841141081506,0
10.766031409657975,8,2,244,1,94.81641557303817,37.98081901270556,2,4.22317751802245,0
7.425763876570677,7,0,149,1,77.70510685951979,69.0441620695583,8,5.445432125201929,1
12.767425239664895,2,3,146,1,110.46921752775535,70.26235672521707,7,7.859039317051984,0
19.28199397161736,6,1,316,1,47.10382077188696,78.72855847049013,2,4.393814560616548,1
16.07046872065102,9,0,141,2,112.74025594405498,69.6699350045441,1,5.340885997442726,1
8.77130610644006,3,1,286,0,176.47692954279302,97.53937043664304,7,6.453741047489872,0
15.86590462925591,8,1,339,1,19.914297870377965,35.783064697365475,4,6.108285853025498,1
16.926586898644185,7,4,111,1,53.25410280238755,96.0872543653661,8,3.771152951104316,1
10.580712818994336,6,3,108,1,82.19770624450987,63.0671592280013,0,5.192754246228072,0
15.76862552972764,10,3,281,1,121.67571281903624,73.75649123959296,9,6.095079640338106,1
15.29104359223,5,1,50,0,135.61528383060192,27.956927796175187,2,2.7432973249784447,1
9.285148510846884,5,2,14,0,132.39737970003344,50.44607531024856,4,7.527078021593017,0
16.788936801741418,5,3,134,1,32.33192709620022,81.55033171705381,1,7.863177810428223,0
17.80392263184117,5,3,76,1,73.02616693614803,76.55288120791923,2,3.5544394891110125,0
20.415256215876383,4,4,84,0,63.987323675276635,23.211151053232815,3,5.3873400366963375,1
20.269010260174515,10,0,343,1,97.39204462600702,63.72754107977957,3,6.284556513342063,1
8.111653160214544,3,0,158,4,100.73120343035285,27.062255437472757,8,3.9087716873424947,1
10.310874800424386,2,3,286,0,45.2309154611769,99.66851433425299,0,5.963227691376189,0
17.5751763360433,6,2,314,2,82.41782579656959,91.78372708266357,8,5.326511252584331,1
17.568929754561044,4,1,94,0,123.22074182382818,21.686452834282957,8,2.0641636447223983,1
17.575238431530238,4,1,297,0,74.86676661641796,88.69196631221047,5,5.918322631957116,1
34.26365745327361,8,1,94,1,91.99066658439894,93.55436804467261,0,2.7997151674579284,0
17.854452553465833,5,3,57,1,167.8755927832256,48.28385780507641,5,6.878405703324095,0
20.677828200902994,4,1,164,1,179.601180540767,77.56013240382127,7,3.657577849732222,0
19.770008817466014,7,0,320,1,13.545556294985644,55.368299696622316,4,4.67742913267771,1
18.25695625652899,4,1,98,2,104.55590287993918,72.41859876610752,4,7.74455782689315,1
13.423653776798272,2,5,16,1,216.68131084834624,47.22539234385532,0,5.99276329305769,0
18.794846102466337,2,1,344,0,119.15387471330304,45.80473893066147,0,2.8410521608509094,0
11.13587392731214,3,0,78,1,100.73960235788624,53.954711108606325,7,2.9701668584018326,1
13.815906966299956,3,3,346,1,152.50752713798593,31.64542069220009,4,3.801394422752549,0
12.573182260854482,8,2,72,1,108.72371225846663,86.4911171548306,7,5.789288166713332,1
15.409370696931612,6,1,270,0,128.36548582045347,47.895831628930935,9,5.716599629865536,0
26.573292833367542,0,1,287,2,91.58782020031829,52.01196431246761,1,3.3137953906742617,0
5.663674037041259,8,4,66,0,108.14041441659668,91.52436901617156,3,2.665581028771282,0
18.43130095187257,5,1,68,1,117.065227601688,59.729905125053705,9,5.563166810171668,1
6.936420644051742,4,2,193,0,134.62235062695942,63.540312748069034,8,4.636279868419676,0
12.640340671052833,5,2,55,0,82.73117271642323,96.51984998216788,2,9.314431774895475,1
20.444752984836832,7,1,168,2,81.64403648836489,90.93811065159913,5,5.073207313126158,0
15.321400095477314,6,4,25,0,22.90070289863624,33.55733671107516,6,8.628505655400549,0
9.611276110353469,3,1,131,3,84.51395776600704,57.857202393448404,2,2.65923280379132,1
11.423481453700159,4,0,325,1,138.12141460391032,97.70369819428365,0,1.8535741208765857,1
18.39798874467338,2,2,102,1,118.52897824000537,49.789303858288214,1,2.759829734948931,0
11.348166841414317,4,0,282,1,60.129923903769374,49.72584868129601,9,7.3782595629069325,1
16.082292947909874,1,3,296,1,23.845500995031983,35.602418543132345,6,8.512203179387068,0
15.227859199519068,9,0,294,2,94.3031705964974,29.145849129530017,6,3.4356410920947322,1
11.741998261970915,3,5,263,1,136.95111410575907,79.22438326047853,0,4.078867940480885,1
25.719720446626628,1,3,120,2,80.84406672760736,81.60243749612133,9,2.6620381795750006,0
18.169595111590056,5,1,231,1,42.20309983416805,97.52103708023999,6,1.3767203057632256,0
4.874287066711965,4,2,291,0,76.41971310781543,81.87345687242905,9,6.43682339555326,1
15.932271573847139,6,2,161,1,113.04635455663053,39.4681995226879,5,5.446040605924326,1
11.69106767615806,5,2,161,2,149.69749146102762,23.209326263081238,5,5.020975965347751,0
19.26216667398112,8,1,78,1,89.73219887502447,98.83499074957282,6,2.19988692567324,1
11.037396307836497,5,4,38,2,142.1956965020699,47.236055643488456,6,8.279913363657322,1
14.426317792665506,7,1,28,0,137.76168592596338,44.95772339459366,0,3.9932865239010535,1
17.524936394902287,4,4,100,0,52.933393704580524,92.4764167799506,9,6.067252849632951,1
19.328775970850607,1,0,294,2,150.02832473076606,66.80799188359889,4,2.090877189510551,0
8.998517964721119,5,2,124,0,111.8045106830857,37.18969390793077,7,4.618949620759925,0
13.327493820795258,4,2,92,2,51.73267785023124,91.12769941729917,7,5.582748912477168,1
12.62527344419522,3,1,255,1,170.43325359750932,99.46886840437946,2,5.654150436106615,1
11.73335383713144,2,4,97,2,94.97697648279667,26.934284892066458,2,5.30929708647325,0
23.827271201405484,12,2,6,2,22.262273907563312,88.98013026419898,6,5.9890449840975455,1
17.024908554804778,5,4,169,1,71.74934608383563,51.24125581475152,3,2.7389590879340777,1
8.695580228324774,10,2,271,1,61.90183033139094,61.92579572053635,5,5.39474521087932,1
19.58930973527388,6,3,108,1,72.73040263540528,93.18527806119846,8,5.227515366960555,1
25.610780985063165,1,3,299,0,82.19258351367012,97.87033566200938,9,5.463345368390121,1
20.162326302755734,6,1,47,1,89.70442934860277,40.97311283270395,1,5.144690434638363,0
7.403150170229933,2,0,99,1,88.19989165931456,37.0280616767931,1,2.453574452173205,1
12.578829635668743,4,1,14,2,96.10059096091766,26.44132468732095,5,2.3644004957820526,1
21.334555745933113,5,2,194,0,123.49573545670218,64.94382821297104,2,0.5714636282308971,1
11.461652671906096,8,2,157,3,70.14254563090874,21.08835163605346,0,6.6350690196905955,0
17.219097140731144,4,4,154,0,147.24002124015783,52.951863808794926,1,6.655315019470398,1
18.873170267146683,2,1,115,1,50.99266005713303,25.870721332160684,6,6.68710058244424,1
10.365347642109585,1,3,258,1,124.604754233017,52.41806263434672,3,5.613579924922903,0
14.702373219691,8,4,145,2,165.73085310743738,23.19457514124874,1,0.7337615645637783,0
0.0,8,4,291,2,92.90573805440363,86.8173808487015,7,2.946579016429468,0
9.878061793328552,4,1,10,3,107.73861483952957,36.77911951508527,3,5.340830835186224,0
13.737159243034199,1,2,214,1,61.28110438498113,46.26469682863296,3,5.271036005583591,1
8.761084090175753,9,3,233,1,79.52873103499891,89.60383972851135,1,4.554503573695958,1
23.162056519658176,4,0,171,2,162.70714148858616,79.7012849065764,0,5.737834405816494,1
7.849293110196837,2,1,21,0,129.93929177534568,37.523068931364676,0,5.023303415370491,0
12.79977756651508,4,2,15,1,116.7417728037589,25.751953492599682,2,5.2415409311027235,1
15.653702886430457,3,3,126,1,22.481018111338088,77.25390214842716,5,3.7218693343359677,0
22.206366445330577,8,2,341,2,71.34108395733662,51.25620405504875,6,6.964021972243181,0
7.8206892441028035,9,1,341,1,169.5596724130741,81.2863999294577,8,4.138456782639232,1
20.815818760774796,4,1,213,2,116.43327852496603,55.623581790016836,4,2.3387018339587473,0
15.051165305097935,4,0,188,0,121.4238158737619,47.68019303778211,8,3.458001974362543,0
10.092456744760245,5,2,172,1,106.82220615784424,56.09643265699172,7,4.30306761727604,1
17.310517371316354,11,2,247,1,75.48042044265816,79.88471885365414,0,6.988005576737693,1
15.995298477867351,8,1,5,0,113.30166361825772,92.17762292322993,2,4.915464003130414,0
11.998915614206027,6,2,231,1,38.79143416709961,23.981375727086043,7,4.627703562068702,1
15.349010424950094,2,3,201,1,35.78181203843688,61.92892329815641,8,2.5026731504747453,1
13.0734320156912,8,2,149,0,70.58901122489777,22.62683432671021,3,6.570965179659153,0
15.56758672625624,7,2,72,2,107.6865694413306,57.4727636019487,5,3.6960956919532286,0
18.310653372605234,6,3,226,0,37.21307499886106,90.82262632775203,3,4.799944282117329,1
22.93008408072676,5,2,74,2,105.081707680596,48.92722131362477,8,7.960366153763729,1
8.810922505865754,3,2,307,2,60.21763014674114,94.59603368645146,1,6.017526662098609,0
25.665166873281333,5,1,169,1,65.6069811684842,70.44867773204875,5,1.7434919045696513,1
5.239561002387491,3,4,249,0,151.98353910660825,94.7324275034405,2,1.4609795272950556,0
14.241074524822084,3,5,280,1,101.49176319282647,80.57333003300158,9,4.871379099761508,0
17.941586032422883,7,1,152,1,63.847784862578074,28.274813331900983,3,2.57451877025039,1
16.404959338675162,4,1,224,2,107.47333891043807,38.49210940501416,1,6.297093495265996,1
11.886502400897031,4,4,225,1,41.21526783974838,51.5336363666805,7,5.084526129929959,1
13.959388748213623,6,2,38,1,115.29321311199548,33.60855056096608,9,5.330769538047726,1
12.534995326705836,6,4,44,0,144.29272746063734,59.59292838213284,7,3.586513636715294,1
12.053176215278942,3,3,185,1,126.46914940086388,57.70945245611925,0,8.482767310573411,0
19.248010485105123,4,2,241,1,186.3085721775187,96.5007358421905,9,10.68518745602092,1
16.785077429825236,6,2,331,2,22.46435754951139,54.69823063167822,5,4.442830552486571,0
11.53545202369673,6,0,351,3,105.0787632031915,82.85014434303983,0,5.706078496830002,1
19.497999377166252,6,2,210,0,46.25997080701921,95.35284358811839,5,5.194834686128625,0
16.536497604383047,6,0,23,0,93.0711427459294,90.15910647791884,6,4.4806262731178625,1
19.0643105941948,3,4,124,0,100.0617587364901,36.69340996092735,1,3.3358590645344064,1
18.14814420961806,5,3,86,2,191.19381931898056,59.68239154028354,8,2.8300640250390456,0
10.855024945389639,2,3,43,2,97.60891558430667,47.819182583674056,7,2.7288054689489516,1
12.199094799015153,5,0,40,0,96.862791188614,51.98869561097724,8,5.810480051098291,1
18.736468025616308,3,4,303,3,140.2063642676036,48.864546099660096,9,3.9606510435927293,0
18.051851327167324,3,2,169,0,97.88713041889689,86.10873681400034,3,0.0,0
14.895492030179259,5,1,175,0,173.24588301018525,56.171124409795794,3,5.8897164411966445,0
15.58663691654391,11,1,20,2,126.7873795726602,61.895546579575054,7,4.923477435071688,1
21.388324478942124,7,3,109,2,133.14012319280067,98.59578856376598,0,7.693346002802292,0
12.042143055820851,7,2,193,1,25.297442542449744,24.798341775321315,7,5.746244794182019,0
17.735486905850188,4,1,244,1,179.40851275346208,59.03661118325991,6,2.0426528073794055,1
13.98903673783053,1,2,324,1,73.74164318791753,81.92493655568929,6,0.5406467185400379,1
13.911593983863899,4,1,280,2,99.61079329966626,32.092956655058124,8,3.5610552313241253,1
20.49388425993595,5,2,228,2,73.89184379458611,68.92252756918191,9,3.7497851586126947,1
19.12708174494015,4,3,36,2,59.02994757488504,39.15718236275734,6,6.886318402000334,1
19.067548180003193,4,2,45,1,51.9132653130264,89.39232905796541,1,4.982258135420853,1
21.527394035771646,7,1,28,3,104.12966634796342,46.16797323200635,0,7.267376996197018,0
15.105019208163796,6,0,154,3,21.20412826237606,46.325025352072764,0,2.3503338885947307,0
18.40976485647482,8,0,23,3,90.28790850752198,67.85551028143148,6,6.930528768760896,1
13.44866621703272,4,1,207,1,142.3107458920895,34.6850326495927,4,6.441978306861839,0
16.62083176244221,3,2,91,0,125.27768950968736,42.791091112244885,3,0.9635317771376073,0
14.349284728161576,0,2,359,2,117.29741550624243,53.33054800955292,4,7.645235682521545,0
15.484979824963592,4,2,38,0,64.18461831233765,48.29102905120883,9,5.186916983532705,0
17.97578512718457,1,1,228,0,36.55619230724355,61.990177440446594,9,5.784089007737012,1
10.908896583832638,4,1,202,1,141.67176476086377,67.9712115255173,5,3.2702077751431546,1
25.461936378427303,3,2,350,1,82.04160736239305,65.33339630001316,9,7.550494025843944,0
9.96991309250149,5,0,309,1,96.67686236144465,72.33346495935459,5,2.6282953415222603,1
8.92905693606134,6,1,254,0,92.09621725110563,44.61996132862562,0,6.664184036747892,0
20.790554367500338,6,3,38,1,126.895718795235,30.114098172402244,1,6.641214951817343,0
18.95831346981468,4,0,221,3,173.73264184503836,80.86460331448617,2,3.0516651436555557,1
18.120599085260775,4,0,187,0,158.49496605693716,88.06243061045456,3,8.966747198845148,0
18.1417275463214,5,1,43,0,6.7104593921470865,40.560498577794576,5,5.463056960435038,1
14.938766135765427,1,1,359,3,87.65844114843843,52.56735649264158,8,6.307785220542049,1
10.513728142570843,9,0,114,1,46.13025925925844,59.885537357084424,1,1.9457584093284885,1
15.379022790968632,7,2,260,2,137.5371543032074,62.666147420234914,7,9.23546000601713,1
11.614191442439441,5,2,5,1,100.15933926496335,72.75921368701215,8,2.5508861195498205,1
19.875598667088756,4,2,68,0,124.24607486141444,23.328258668425708,1,7.04977286553186,1
14.264713092489307,5,0,228,2,84.23502117768832,77.71816661872137,8,3.010456564136609,1
10.872514016037442,4,3,123,0,58.42513576276082,24.95768055835282,6,3.7620223943046347,1
13.393070791735033,1,0,173,0,65.26877072800158,57.46308541382943,8,6.5775080877708945,1
17.06465727137812,3,2,336,1,38.67949330969077,86.21369084553552,5,7.055105427350314,0
12.181377235980126,7,3,153,3,49.4546372199372,56.097225062271704,1,2.457431501771796,1
10.888898022167844,6,4,267,1,41.028277779658765,31.927179901459823,7,7.180944338113988,0
16.218436057459563,10,2,157,0,58.57189288747555,98.80270760047678,9,7.089960990266388,1
16.224832855543614,4,2,162,0,56.30887343875267,91.14283696594106,8,3.124093182310215,0
12.46528412314435,5,1,214,1,115.76372420112878,81.70509065800113,7,8.19729518718222,1
12.644808471908386,6,4,26,0,114.19446578619991,52.920928231936834,1,2.086284743503924,1
16.16024968678818,6,3,292,0,115.72016827432742,34.707658151143825,7,3.7504548344447692,1
7.759578292513379,8,3,189,1,146.99981449006324,95.3128945134801,2,5.958005248183977,0
7.962681128117223,4,2,122,1,96.86648434495541,62.588090121371124,2,3.292867430594787,0
11.40777889373782,3,1,230,0,68.7674161166835,88.18843683099881,8,5.5276381713586815,1
13.932764241440763,3,3,59,1,188.4561430372081,47.36760046075406,8,5.48215215760659,0
16.554537827990025,9,1,96,1,136.22583613215184,46.823065366357646,8,4.625851460154559,1
22.376781084747762,7,0,262,0,106.0927917281823,98.84323845392314,3,6.664801077181119,0
19.288298116010097,2,3,354,0,103.31497815969324,61.746643879587985,6,4.543278414684722,0
14.200307350182864,2,2,312,0,111.58614083601202,31.255633908859703,7,5.4630821376276115,0
14.904918960486556,4,3,136,0,91.91594878583129,37.57397423957659,4,7.292943754975806,1
9.987353176810956,6,3,350,2,105.1289816601529,58.555542351417664,0,6.5813724200516805,0
14.90743432003805,9,0,283,2,119.97518642463186,23.397672839072907,8,6.572034581628417,0
13.556706805399308,11,3,120,2,70.93855144137822,57.00271883026404,5,2.7016407955664397,1
16.613592801690448,4,2,25,1,34.63536592651862,53.51526736641021,2,6.049585151002644,1
10.863845282238385,7,2,342,1,16.974289284415377,82.34690122555895,2,3.2430024180609904,0
17.596732571205862,7,3,146,2,135.5159527573486,48.39535715913934,9,2.4371700404439474,0
22.66369456501289,3,1,12,1,36.683033491301885,98.60390092316794,0,4.856587307430063,1
14.456199257715712,7,1,87,0,118.61375975831507,34.46159354407225,7,3.1914096266968204,1
17.008558610494706,5,2,109,0,53.82576419807464,67.27893479745079,1,6.581235437679954,1
18.450719958555563,2,1,345,0,54.4701621576028,27.17594376066037,0,6.6290709193906485,1
12.993897640570818,9,0,266,1,71.27204957976953,78.70911871951856,6,1.1947475271371162,1
16.120462409052084,6,2,222,1,107.76528608022575,99.58029504495772,8,3.3433949208462197,0
15.062962003908975,3,4,74,1,48.4563316648963,85.53109102013057,5,2.0804266561640024,1
15.48838049274416,6,2,333,0,75.32270118823524,64.45628325762411,7,4.074741446814219,1
11.134951080722669,3,0,310,4,98.97123711277773,58.779308591975365,7,5.910351339737649,0
15.122550871294713,2,1,102,0,51.589528366122444,86.80239690134775,8,4.515423803643223,1
17.489991456227248,8,5,137,4,157.12936857898765,94.87792677685795,6,3.820481518665729,1
22.25571803897521,4,4,191,0,31.098490296247945,99.13652206384744,8,7.600353053626279,1
19.796354130426035,5,4,142,2,91.2732327019668,51.72313820515873,8,0.39028565480742294,0
25.765912287557782,4,4,357,0,150.90162530342005,99.27339798356098,0,7.473743787036449,1
11.163262185559752,3,3,73,0,47.02133744437552,32.47410017390652,5,3.911423413689029,1
19.361603183603393,4,2,328,0,95.61496598049138,40.28398207455274,7,4.843781979774421,1
15.916710028691758,3,1,167,0,105.31434730668992,27.121289978711694,9,3.945273324559783,1
25.94901466608836,11,1,168,1,67.72918191989923,41.73908131875854,8,8.085776211078237,0
10.958508573224243,6,1,54,0,96.90068902672455,81.4350041294409,3,2.538043006389481,0
10.80139078909612,5,0,259,0,122.45777843439808,88.23394865427598,1,5.023472739443871,1
12.00303677277989,5,1,111,1,81.31437206728438,82.31141160820573,8,6.054877303719993,1
4.380521378450965,5,4,232,0,130.57318456521543,70.4852622534157,8,1.777994464229665,1
12.371224891596196,3,0,161,0,115.7092376152796,61.117321001811646,7,3.160203659107693,1
11.20433669223151,6,1,352,0,76.68399195386266,76.69634313709172,2,4.703642933003541,1
15.751968932381038,4,3,327,1,145.09817468490198,51.26668394137774,4,3.2266699306312505,1
16.708779878885796,5,1,19,2,70.3625154526751,87.30466811997614,1,3.3688164575617003,1
24.380854196079433,3,2,290,1,134.23573221620853,74.17520751814283,2,4.300274673847126,0
19.75211919093025,7,1,50,1,71.07937206855729,75.82437587955269,0,6.299162663292346,1
12.115481721687985,3,2,175,3,87.35706564633055,62.8748794503257,3,4.314564446243711,0
10.50792664325821,6,3,302,0,93.49422840891425,90.8183187368938,4,7.156852388945893,0
17.459595857532527,7,1,184,3,113.54332363545447,40.1611786943242,1,3.0044844346812907,1
8.398833964896788,1,5,185,0,3.462073188660952,50.49181226888406,2,2.496155479053095,0
24.15729382927177,6,5,339,1,118.32062205959423,82.21140557421512,5,8.852690811442269,0
20.897200603606436,4,1,307,0,95.90083107430362,59.419911690347014,5,3.6840837446689774,0
12.654121739476476,2,0,310,0,111.42960645106368,91.13712107393526,6,2.3781759858556804,1
6.434327354545612,2,1,346,3,120.09953294488409,47.71194558102819,8,1.5158921164563393,0
21.769361870827062,5,3,81,2,115.75235351965057,49.54641350557158,3,7.1502069076178785,0
14.42730077373691,5,1,156,1,19.705565909637897,91.09886315093003,4,4.317390970679882,1
21.189081559867308,3,0,275,0,57.55957604847911,57.149625614563284,1,4.492580529867203,1
7.0278617060281645,5,3,283,1,113.31263737304253,61.28996673619894,5,4.6815965768267205,0
12.003124885231136,11,2,249,1,107.98784786501592,46.62109722685435,3,7.025885769339562,1
15.026218498590916,2,0,147,0,68.41785257934717,42.13359537432655,4,4.640940332048159,1
15.234902968823711,6,0,7,0,129.50556800239525,72.47589686707136,6,9.688107557665251,0
12.749672642603782,5,1,157,2,89.74299323485678,29.58725292329631,5,5.267521148108458,0
18.114249661737492,3,2,171,1,135.4290541552742,90.34181129463275,7,7.123569533916642,0
9.661897853087028,4,1,69,0,148.40085245782973,82.33625094120863,5,6.610479715808814,1
14.288102574893532,10,0,94,1,111.13208206252709,35.25986109646422,9,4.9271053594839245,0
15.601478158559495,1,3,363,0,122.22209927330226,75.52159566596524,7,3.8260580279590735,0
17.572194170293745,8,0,186,1,75.66159674270956,68.21063370285079,3,5.663927857133107,1
18.55807439044445,3,2,170,0,135.68839491239942,34.76280405893153,6,6.020197462414546,1
9.376789540810654,5,1,204,1,108.72497478724013,41.8562804840186,2,3.8548279037469455,1
7.329429146321889,4,1,42,2,88.21155844623276,52.71892029870675,0,5.3326777319013114,1
21.388384109492545,11,3,13,1,51.247266671293765,75.93941881963791,8,7.472409956519192,0
16.661570059897958,3,2,154,0,80.58234523583602,71.09787270536047,8,9.139895478139358,0
11.257567317217232,4,3,274,1,55.62097820641026,62.578787814135836,5,6.708738640698843,0
22.755759877612615,3,3,298,2,130.45958955757445,81.47284344912273,1,8.725519372760564,1
15.578373171464293,3,5,51,0,148.8171963835546,80.63501916849327,7,3.7412515775870885,0
20.896485920319133,8,2,212,0,136.65076795719483,69.42873232498047,9,6.4037645041185876,1
15.337592407050545,1,0,144,0,199.4408098511069,82.95920667078602,5,7.677039017162544,1
25.303739624409936,5,1,357,0,81.58372314012107,46.74106998233674,6,3.207333334056008,1
23.77670421221602,7,1,3,2,123.86289379534199,90.49996226580845,0,4.028819775909982,0
13.755179257604633,3,2,254,0,52.745801416686184,69.19280686415526,2,8.4758095236705,1
19.85785475477178,7,3,335,1,92.109974385908,85.78908110499444,0,3.04980228842612,0
18.226879747925736,5,4,256,3,40.90603164580492,63.70232838322272,9,2.3177399346885785,0
21.843157787661745,7,0,98,1,122.72777269219159,37.47505959909443,0,8.055963147279023,0
10.175382697099478,5,1,173,1,85.78033348343195,63.39281029426469,0,7.393526449960877,1
18.430257299992196,7,2,150,1,17.81671900552331,49.68893310212705,3,5.864240487967539,0
20.29212243424794,5,2,279,0,72.59926228259744,75.79992288296756,6,4.908578490708345,0
6.206302567884428,4,3,59,0,171.72457310429985,58.063503338778865,6,4.122950988790036,1
9.083707436671125,5,1,113,0,116.41719549003611,86.88902439421501,4,5.563897747618102,0
4.803839111199498,11,1,324,0,130.76370651822998,74.24580098575333,5,8.1596139148031,1
13.652965827777212,7,2,243,0,105.02181117199054,74.76355464250591,1,5.477132252284152,0
18.58771127897981,6,0,310,0,92.7376431361907,37.3724266792852,4,9.333918534493932,1
22.51178526048014,3,3,57,0,100.62316055238206,98.73998131930323,6,3.204116028719539,1
15.370473902098876,0,3,60,0,109.8173089689514,87.3340167417191,8,4.960638491343461,1
23.143077727856458,10,3,329,1,56.133902175959356,83.12039076485557,5,4.253882664672169,1
8.099492708925542,5,3,216,0,130.52248062954217,46.417218012802195,9,2.8297169136753344,1
6.483087803224226,5,2,233,2,144.87309967949926,62.85053222777855,3,4.6938325339806894,0
14.722261505516906,3,5,55,0,92.13642412222676,30.968255045946293,2,5.83465860332088,0
16.920327244696537,4,3,208,2,79.07838281533657,63.078078133016476,8,6.04846035990406,0
14.836526259529535,2,1,63,3,70.32364001420785,31.67113971866298,6,9.340904357889112,0
4.662789499800617,2,4,184,1,170.36866414249715,64.2430275191681,5,5.928934939447119,1
14.554399802436057,7,2,311,1,81.90916643225773,71.89775041239244,6,7.300273607359232,1
8.477652497475734,3,2,281,1,126.13257256858162,51.21567737999219,7,5.132188492597952,0
18.348362744150194,1,0,26,2,92.41705218069377,59.88359026650346,4,8.35611120090519,1
16.83299123048424,3,1,177,1,90.2547977712828,90.05227101396687,2,9.79689857117614,0
10.300601068363225,7,2,63,1,69.41001199177109,28.68505157622475,2,6.062170261951899,1
12.430665413316532,5,1,73,0,61.18802015623936,83.33863143997223,1,3.0146819690968374,1
9.703932390555241,5,3,335,3,129.596830409862,33.66036407969571,7,3.9023899544456633,0
14.68660451363414,4,5,167,1,60.28310079879723,22.93663862437027,0,5.563868606410324,0
19.775711602506192,5,2,225,0,118.50076958368314,34.84596821960382,7,5.912996070501292,1
10.071369768322281,5,2,65,0,103.62335693925988,81.20345519763917,2,6.396850268768744,0
17.520232577589223,3,2,69,2,130.10554137916947,52.410085866948805,8,5.9203953624600825,0
12.348711908137796,3,1,9,0,75.60184357637777,89.80164134769456,1,5.0139698325118776,0
11.035635838688279,6,1,236,0,143.20576666080382,61.97660329458127,9,3.7276031175957427,0
14.46484820022721,6,3,198,1,94.35237671638652,21.780028154106475,8,5.802276522528459,1
9.823788387903129,4,4,173,0,203.6677888523825,77.33708876815413,5,8.709974714961312,1
12.231753473264089,9,2,282,1,35.4329466014064,28.818632697698618,0,7.0398572108555095,1
9.010610537055758,6,4,28,2,197.15738952307618,83.15037067695395,4,6.069407899272396,1
24.823625664581947,5,2,296,2,94.94536007775446,33.448203984414405,9,7.059133847645502,0
15.176317759858643,5,3,134,0,108.91208406875442,47.63571086444108,8,4.257871942198295,0
11.501372460037071,4,2,27,1,75.82842273563404,80.90171437002883,5,3.9834697078333594,0
16.06989955367111,10,3,38,0,37.24474827906448,96.33850859811373,6,3.504429791268036,1
14.438359751545851,6,2,196,1,78.86412911918495,49.71471605173859,3,4.749426754461124,1
13.895152002333885,2,3,203,3,85.37252060510178,86.35201761591486,0,4.155988206581839,1
18.070833500217127,4,0,85,2,107.31206850922965,35.2633812380671,4,7.416549481304278,1
18.787538550236526,3,2,320,0,144.84553380041405,84.57438161619929,1,4.0493531646356224,0
12.347494261947363,2,2,30,0,107.6292290642846,72.59952474050009,7,3.3945565675501674,0
12.1209087967766,5,3,99,2,108.3256705313056,35.41948057698947,3,8.885154357661264,0
13.62474151424178,6,2,190,1,115.37470866067224,44.200316828112925,0,4.097249537837313,1
3.4903941763220754,5,0,12,2,29.802792275350058,30.54167108776288,9,5.307056914500702,1
7.424044689007239,10,1,91,1,33.4990199145563,50.637360885145064,6,5.902645649486823,1
21.834371337222624,5,4,30,3,40.12044044542804,36.29189128986219,1,2.7266137621583697,1
23.224838567506417,5,2,213,0,85.06904568018582,71.51983629043788,2,7.470967539006138,1
13.754819802218108,4,2,38,1,25.131395211038395,99.5604083376447,8,6.274238080822455,1
17.882784815278832,4,1,341,3,72.40849821083579,20.960733046741133,8,8.116768023761564,0
16.556250772717682,3,2,60,3,45.27003020075937,63.27358506298389,1,3.6415561255637994,1
30.39440404227619,6,1,294,0,119.50861704794727,65.89332780392078,2,5.19825158495232,1
20.597874557172883,4,2,360,0,117.50622515633002,93.13670317446496,8,5.07871150998839,1
14.360412042596167,2,1,143,3,87.97423841056138,60.48042678135501,0,5.527776988700044,0
10.222297796997871,9,2,180,0,24.00156327332229,63.4961135715934,1,2.090770502845678,0
6.967768398712138,5,1,285,4,90.51424362255297,57.73222410627109,1,5.221672757384445,1
16.017318179336115,9,3,112,2,113.1450446150441,41.51234436491851,9,2.1470721771525096,0
11.218246273578483,5,1,230,0,132.42906668956059,24.482330659913096,2,5.716668142393843,0
7.888731452011629,5,2,21,0,170.13618509251882,52.69261457678689,9,0.7427017509629605,0
11.767135578787368,1,1,145,0,144.73992721686733,24.207317699254283,2,1.2968263314188269,1
9.592259981928025,5,0,146,1,106.59106116271718,64.03939755727342,9,6.6370974328799965,0
23.435708175362823,8,1,316,0,88.59034638770498,44.58349145938345,1,3.9063230896104346,0
19.408198784747253,6,2,166,0,70.28263614834879,62.68819212203422,7,3.0242838527355183,0
14.960136793416913,2,0,140,1,154.2264758355971,30.743757151614936,7,7.541691242151096,1
22.39972069445013,5,2,203,1,106.66362318796429,94.61039725914877,7,5.65525243465683,0
15.386841538238091,5,2,244,0,125.22176834733808,91.56169948399479,1,6.744180391067568,1
10.693578993358681,4,0,113,1,76.3912104828257,35.19972073618276,8,4.667515855358339,0
22.615620386348287,6,1,201,0,50.363637379607695,47.47554266352079,6,10.359257387800007,1
17.694550218423295,5,2,314,0,83.98649126909092,69.07942174815837,4,3.79097227888041,1
9.813769228367718,6,0,259,2,87.88286936777494,27.654896584472503,6,8.488991098719776,1
14.048306609581958,5,4,255,0,107.67089734576552,48.36542568929207,7,4.8772679198001745,1
10.621908733076214,4,4,23,2,70.50264444064098,40.088982945520485,8,1.690979210174508,1
8.08600134517832,7,1,246,3,100.99879453527858,93.24133829733573,1,5.9656974914962175,0
19.630887737658206,5,2,339,1,147.10825417420074,88.20085090313641,5,5.629525122910327,0
24.547083202350652,7,3,311,2,33.08153561851459,66.3866193013491,8,2.8973563715215405,0
8.007162130904295,6,4,318,5,15.323896321746062,61.62770694972593,5,3.1555614457305703,1
17.814846183452854,4,3,87,2,149.83655394473828,94.45806356363177,1,4.950604713830016,1
11.746787154390866,8,1,219,0,41.454941678708515,94.59422263830523,0,5.699495630495963,1
12.56437308117652,4,3,356,1,84.79712132430186,97.54641002813284,2,0.05867343424119831,0
12.038030378805654,3,1,27,1,124.3391872522595,30.03031072865501,4,7.106242905047606,1
10.68004615160092,5,1,290,0,97.63095325316908,32.84462486105362,6,4.011004052370045,1
15.242608139724135,10,1,289,1,97.068484839857,74.13893589439093,9,2.3365050312036475,1
10.84524941794481,6,3,348,2,102.89586591273195,63.31475812878759,9,6.882133102903861,1
16.352284128899193,4,0,223,0,200.74856397177854,21.477272391458875,2,4.952764041163087,0
14.748809452754315,3,3,352,1,171.22499823668858,24.958002879161548,8,7.4323315535645085,1
13.805259765667952,3,0,178,1,72.25098764526463,91.04643058070441,9,5.875904525959511,1
10.462181689792011,5,2,148,0,142.0355296378748,89.5096636431509,3,4.996970994103908,1
12.116143347158337,2,0,227,1,120.22031030367182,48.58167375968361,9,4.6945401100396875,1
18.77695612912878,6,0,351,0,99.21940788993193,91.28404935444277,1,5.965425521112276,0
17.504585938121902,2,0,186,0,63.68524766090363,67.49400595183215,2,4.172937482381339,1
10.112223776007244,5,1,294,3,118.05472125781866,84.47245176151215,4,3.294854822507001,0
15.496661527146129,2,1,41,0,87.7581813974233,54.19448569281714,2,6.219818245309288,0
18.756935616858947,6,3,191,3,84.81759700283365,29.071866187592697,4,4.711024317111141,1
6.652973594393142,3,1,79,0,69.31714594724514,54.6981650116813,3,5.067135296138012,1
17.716800961899676,5,0,205,3,139.99294084249706,56.58398383975183,9,7.178759672309216,0
11.686881205270767,2,3,278,4,69.29047925482472,64.07553550724825,2,4.772246784528518,1
17.852993342965796,6,2,272,0,69.53419044256945,28.44661703235424,5,5.030067851083581,1
11.183704217287415,6,1,32,0,131.11751070321228,99.31214904396892,7,3.800700977098136,0
5.975589496677404,7,1,142,1,94.22678128787624,39.530945664552505,3,5.861479867963702,0
6.862287810584187,6,3,251,1,95.30325904856163,35.88419228296743,8,5.699655825360176,0
15.24042473330691,6,3,294,0,141.31573936366686,62.144233508474926,5,6.801550263581116,0
16.29861250860741,4,1,98,1,152.54802447167742,62.976654351591094,4,3.8417423259862478,0
10.478416874477958,4,2,136,0,14.886171122659135,55.18565902665954,2,4.084366060819629,0
18.19296229388687,7,3,277,1,94.8490298086302,81.75137170602036,4,6.584274798290939,1
6.6923996886552,5,2,312,0,43.58941887304013,61.332352058288215,4,5.504426006725727,1
14.669601006763417,5,1,302,2,84.52826648570696,68.77563641159873,3,3.187563747614611,1
8.944919001187717,8,2,43,1,99.7305537554359,77.89971083262284,5,7.613108135469002,1
11.740819460989204,4,1,120,0,85.80581707703138,22.002008125109327,2,1.6030988631994982,1
15.23699335658207,2,2,220,0,58.98898277321196,65.65153460360358,9,6.568569506527504,1
10.697933173580239,3,4,46,1,56.95973449140819,90.73555769826955,0,2.4695759280036067,1
13.077222278850874,4,1,236,1,129.11765556129,21.391099434034714,6,8.771577032971054,1
20.0314640460722,6,0,48,0,161.3923922441543,52.41456830407689,6,1.9108005461887534,1
12.115540652384256,9,1,198,0,17.58092284266,94.0981960164664,3,7.304501303745496,0
19.17846056032571,3,4,84,2,86.89525335737937,48.252352182603026,8,4.836731279977512,0
9.35146572671191,5,2,31,0,129.27856549577268,56.69830593601927,1,4.266794860322512,1
17.649020889576413,3,0,161,1,98.69584958396605,98.52331144354503,0,5.370793312935523,1
22.207843103289502,2,1,71,1,55.45253512377842,35.945908716045906,2,6.263800678315626,0
2.6417774993635526,4,0,8,1,80.88842383745688,25.220415130000475,6,3.1911989953382607,0
11.015523722647616,9,3,52,1,112.08600949727433,88.75380726890435,8,3.3684245496628558,0
17.8853606359027,4,1,45,1,87.71231562478577,89.47722729698948,1,6.299209730225772,1
13.984773069785037,5,2,293,0,98.0808026432576,57.766226774401055,5,1.5853140927008003,0
16.855729366856544,8,2,300,3,99.23358009673433,61.1365739581829,2,3.8315418136158295,0
11.980074066420897,8,3,38,3,79.02873561366819,86.86450956942689,4,11.08137390831888,0
15.4329489373645,5,2,355,0,132.66276095884137,79.0847598492636,8,3.0639740708214385,1
14.221613823039602,3,1,231,2,80.900336126356,41.21192017736085,2,7.295605583519505,0
20.838910308299035,9,4,262,1,59.78128031071033,21.351468405721477,0,3.8280984625723757,1
16.272104216506065,2,2,68,1,189.1855773369279,58.37601300268366,4,6.018090289594288,0
16.68801331037601,8,2,179,0,96.8882364225033,88.71298608765132,0,6.308711381192435,0
12.940615169387662,7,1,357,1,0.0,91.66677413521298,7,7.257913470365895,1
12.561968879637533,6,4,186,2,150.18979349350616,96.4980957660923,6,4.599492346374449,0
12.837209060901895,9,1,201,0,150.06115476855598,90.3650590090225,1,8.977769277509706,0
16.972260711891483,3,3,13,2,118.28702124628126,66.40348442384787,8,3.8213268708296395,0
12.895077595898686,6,2,214,0,125.26540839282674,55.56844793888807,4,5.46844082719912,1
16.448874284482066,7,1,220,1,186.38969250672545,81.98798772272792,6,5.490553864435215,1
25.377003993227195,7,1,286,2,61.4879294412601,79.18573074924771,3,2.7560637601011693,1
19.355623517158463,5,0,244,1,105.32960215899247,63.05147440651635,0,4.428255490041758,0
13.369882339160794,5,1,356,2,178.7881071620448,26.98618980467753,7,5.323026998476815,1
21.006069610819722,1,1,258,1,187.26276323872833,94.0865077429535,0,4.135757913741161,0
12.959623134892244,7,1,58,2,85.35630748369051,56.44820300013297,2,9.88184793091307,0
4.809377324110731,4,3,36,0,180.40603400356534,49.06670255330114,5,3.3227526528009386,0
9.95956844541298,7,2,328,2,132.10522805294468,70.36539161350174,7,7.358848936280856,0
5.646040394870722,5,3,193,0,159.80857991474278,73.90703689335815,7,6.712919626297573,0
13.242432579793457,5,0,333,0,130.79283612631147,36.855033362424116,1,4.972275730991457,0
15.092091895947759,3,1,50,0,112.21784975441493,86.9551075847965,8,3.2695818922955064,0
23.382186561376415,5,1,32,3,188.37548503611677,43.19496749299023,3,3.46348935921646,0
16.634636868820813,5,5,98,1,78.8556014304903,34.93471407314534,3,3.9640654015669803,1
13.904497355955678,4,5,43,0,176.09132561415885,52.5119882283598,1,1.428517436107474,1
19.147027905917447,3,3,351,3,182.42755734911674,78.44480647179722,0,2.993069148401419,0
3.944323454960575,3,3,334,2,154.52193285107006,97.23665427518428,9,2.035046969272715,1
16.178072790542828,5,2,310,0,97.13084072755996,84.74250114971466,6,7.691750006355433,1
18.854325969434832,10,2,47,2,109.77741391916072,95.22787021361535,9,6.236924784776437,1
7.607068771100792,2,2,270,1,49.007775389084934,31.248464326122143,2,6.57194819773092,0
20.718770216034645,5,0,311,0,81.8968012022724,25.694143909094144,3,6.177663903083896,1
16.69248203747207,3,2,63,2,124.82847012420713,64.61638095253369,8,5.333935246668326,0
12.923560430495993,4,1,19,0,42.93150776933477,43.22379864352275,5,7.921360664258274,1
18.163909330531425,6,2,347,1,88.08354688007717,86.24439783754183,0,3.7784746885365257,1
26.35346428902198,3,2,101,2,177.79314566272416,73.75902971218608,8,5.2133393107340895,1
15.909331275292477,4,4,37,0,93.82543708904467,97.65825311886356,8,6.494117655648246,0
16.24110293150168,4,4,107,0,141.34513341950066,40.383388458504335,4,2.357581536287742,0
12.70319550229878,5,2,92,0,122.66009820220874,58.862729148418595,7,11.193177792285098,0
10.750778152676041,8,2,308,0,87.69242253972394,60.09923819402826,6,5.057131525555172,0
19.151679082721227,5,4,185,1,93.79805364593473,39.13414358859009,7,5.283978901151185,0
10.719580870455664,6,2,216,1,106.6746098976662,67.20747195904062,8,7.5137560633498435,0
15.357831186096963,3,4,28,0,17.9591004589561,55.46287888633916,1,6.829910666020448,0
12.611712766174417,4,0,36,0,137.87899203502022,55.73772447918989,9,5.076156038792918,0
17.39489912873196,5,0,320,0,95.2647969978348,49.01893183779869,4,5.260258876196084,0
16.66831052643474,6,2,18,2,139.27668653075568,21.354348194042807,7,1.991702938104042,1
20.187699721289498,7,2,345,0,115.52802454207826,61.76761895318312,2,3.8870684443000476,1
12.449918005726264,5,3,196,3,93.49761530099721,46.81982685602649,5,6.034420432317921,0
13.650625323533143,2,3,78,0,107.90194512200596,20.105589518746374,5,5.887785678085773,1
10.106181421088463,6,4,167,2,108.0364374931366,44.63549661295456,6,7.442331500008174,1
12.778533699619441,4,1,90,2,159.04760398919217,42.29026664718056,2,4.75899788355335,0
16.88650246522426,2,2,264,1,102.5061797111463,51.475852257890864,7,2.2254269731382674,0
18.78494308322676,4,1,208,0,111.52662030568345,30.548159171471756,7,7.113460861551356,1
10.389173379111874,2,1,212,1,49.52440869092901,60.61470597080675,8,7.872178692364032,0
19.3480296005283,3,5,271,2,98.11826206806076,75.3952282014504,7,6.796489145712458,1
21.778189294024756,4,1,263,2,158.17240407185963,70.4148455243658,2,4.6727326582850175,0
17.067174516118506,7,3,273,1,117.15284024048592,84.30039580553525,5,7.088772103753158,1
24.38397906279033,5,1,342,1,56.75951720949759,56.16066303896649,8,11.857820956016427,0
11.131054004482134,5,0,214,1,61.04686656367179,61.52733842717826,0,5.230304628880951,1
8.776726483442914,7,1,64,1,70.34018290357331,84.83215526871867,2,2.376526615509751,1
6.106398755478606,9,0,12,2,139.98524174373935,54.216093665539084,1,3.8274299008956962,1
22.480221557445915,7,1,210,1,135.0616204916921,76.12794799196776,7,6.250952000608102,1
18.27182828177029,6,3,312,0,0.0,54.76818949743935,5,1.7903913782038745,0
14.722076645447725,6,2,174,0,96.74457222863516,53.41889556092501,9,5.338806149824139,1
16.399843131599102,9,1,256,0,105.90552401547667,80.81644996233283,7,5.760673300631765,0
9.372554763508116,2,3,101,0,61.514258845627424,33.986953237296895,1,8.070243479625304,1
27.22875989808413,3,3,16,2,84.3810001222444,47.08687775532589,5,7.620389712108601,0
15.646105909876137,9,0,197,3,153.2399419651879,37.93378213975214,6,6.729169583503542,1
15.546973973024464,3,2,258,0,116.35372847258014,48.72879543740777,7,0.674641978970941,0
18.62883311949346,8,1,244,1,80.01669438752646,38.42998578928192,8,6.8421062560958505,1
17.405046158683568,5,2,348,0,92.5076655356784,66.35245048693237,4,6.4110267721204925,1
16.119420121395656,4,0,249,0,90.88507484017748,83.85366420942762,2,5.511888754156693,0
11.047627722773441,9,3,105,0,111.27820792741997,82.92904489743215,1,1.539555747709029,1
17.357341785679978,2,2,182,0,42.81077375055969,49.160077163903395,7,3.4464521816258795,1
24.41012248237517,5,4,155,1,73.20978800840211,99.10083247154094,0,2.6663544609318675,1
21.727100230774887,10,1,287,0,141.41585799218973,67.50834917646407,9,0.9699831209858187,1
22.965933133196984,5,4,169,2,97.09734052163239,51.95202414226358,5,4.994169697170411,0
12.443921617844074,4,1,47,0,66.00366988959499,86.84314233931404,1,3.4043557571144407,1
10.051975898707095,7,1,43,0,67.65359833369146,78.38992101141127,2,10.250611160537822,0
14.37106539950176,3,0,321,1,128.83374408522744,79.94202694592835,7,4.662456121124181,0
15.278624561443474,6,4,306,1,79.28778938679535,35.69114797870973,0,7.587506311731921,0
20.470957592354743,3,4,221,1,120.4361351634633,57.46594458948441,5,1.8618019506135508,0
6.537676851425903,3,2,1,0,74.92662716434091,88.94625046596822,2,3.9398208279902605,1
22.64775159730307,4,2,200,3,54.80140429333382,60.32304061030058,5,5.193795752068629,1
14.209960507105054,1,2,144,0,109.77791833989812,74.67621947368403,2,3.183692102784659,0
12.8655946502629,2,2,28,0,96.1047597634613,67.03469864274116,7,4.155598630390512,1
9.939478123699162,4,4,342,1,127.40497353661223,87.38854301747057,4,4.564098187512923,1
6.725716640671154,5,0,338,3,135.364972841256,42.764867180928206,3,4.532184029110211,0
19.115852919809573,8,4,278,1,85.68132444986409,66.03802223090919,8,8.710237146070693,0
15.366589835942019,7,1,41,0,113.95735309404456,29.85877344078432,4,5.75645257086302,0
8.55019550129473,7,1,332,0,84.44760858162508,75.21686213595743,3,5.9590211258826065,1
8.52460613968192,2,2,147,2,125.34587856285552,78.55742706821697,7,6.079309548690141,0
13.321076503549358,6,3,345,0,109.33661844429233,23.426985695119875,7,6.225252754674225,0
23.345107626446964,8,2,178,2,75.04653930548903,74.06327709023881,7,4.834226032250269,1
13.702043243181976,6,7,315,1,71.69688435925944,53.175212333262905,3,4.358507257042308,1
7.4842852344094695,4,5,325,1,110.74671700415341,29.927750088774587,0,5.3336321190365545,1
13.771284679570279,4,2,167,2,146.4876421061033,53.59260381587741,1,7.313607897826945,1
13.636382151261648,4,3,123,1,136.05184844824103,35.53863437564654,3,7.252476376872767,1
1.5155667852921422,1,2,74,0,62.279623840803794,53.24476256986532,9,4.519203048623178,1
14.728525667410938,6,2,239,0,66.48626815909776,50.747122236682216,1,6.535687389336223,1
13.84532734895661,8,2,249,1,72.38089153734313,79.0713309548846,9,4.610830673920664,1
18.48103182406709,7,2,263,1,76.13748281661388,81.93724465330871,2,5.0677410988704885,0
24.244780474726724,7,2,252,1,27.333595859235814,68.56229235076373,8,4.0529532368916055,1
20.632825147738785,6,1,357,0,131.6017281651888,21.814947374595803,8,4.636709722187533,0
13.655556547225848,6,0,111,2,81.76469058511924,94.48178232567952,8,7.68266013909936,1
9.467370456291649,4,5,180,0,118.48297023590067,74.89866240771582,6,5.1848422946784725,1
27.866799016249303,3,5,188,1,87.36967967131622,22.735635993695105,3,5.270565017104635,0
15.296092170072441,6,1,308,3,99.08136398742198,85.50663193712943,0,2.1055644414840833,1
15.069646459564732,3,2,207,1,72.5925648635797,36.02129237743969,2,4.38151218473454,0
14.879374564449984,10,0,234,0,98.86968986807042,66.33769516568854,7,4.517370192510542,1
15.990423803839274,5,1,24,0,65.15016752741957,57.33074959601497,3,3.3417130291131896,0
14.278197940380288,6,2,26,0,99.1664178891505,53.58710258840613,9,5.0433308234071275,0
12.131689965598818,6,0,218,0,158.28892300263823,91.1770976099518,9,4.141635419544691,1
12.265705293798039,4,2,346,0,120.82418872644016,54.988903325009176,1,5.159991710487164,0
14.836233648920008,6,4,10,2,111.64207604105452,26.027529405852057,7,5.2430060196378685,0
12.282876144331176,5,3,17,0,47.210367278640234,95.7310981771962,6,3.088491284354711,1
11.435771086614178,3,3,245,0,122.69025608232,93.6428184991702,9,4.202596435033621,1
15.532151138459485,2,5,206,1,126.57813537439014,74.7546151665279,8,5.154748565521667,0
13.725113912895724,3,3,258,2,110.73062838128807,57.431402250562,1,7.368598862313451,1
22.519964942913443,2,6,112,0,108.57129966952525,27.4287578354817,4,5.5134383455914815,0
1.745150958034941,8,1,205,2,94.39275225556571,83.25984948619809,5,3.6761296401651444,0
20.45753425961231,7,4,27,1,125.97610063289851,26.038233153922317,1,5.798009518487705,0
21.230425962488145,4,0,71,1,155.8804221994609,25.488078791611652,1,8.41509777864352,1
4.633048837959253,3,2,176,0,113.22112691621663,62.99070739514945,9,6.833412945178037,1
13.286562029598256,3,4,202,2,61.131312828922916,32.81025921477122,3,6.0950530608712405,0
13.142795670021043,6,2,248,0,64.19131423389778,20.61842138722792,7,6.451180350964643,0
7.962441526410894,5,3,118,0,129.04959493083857,53.8490744796629,4,7.879908082857261,0
11.110916562045624,1,0,9,0,61.45634379917117,30.977378528805275,8,7.1512535880353205,1
9.447120772670857,8,0,86,0,108.04219949242278,32.8412332224553,3,6.133520762235316,0
23.761352217118116,9,2,23,4,86.17829034330038,26.152851098826773,2,7.13728443918017,1
19.678391965737305,4,5,240,2,57.11056186578776,36.407500297888795,9,2.8366978074718783,0
21.357775474970794,7,1,73,1,133.2907835429683,77.23873438195115,7,1.9954694953194378,0
18.608360320216175,3,1,27,2,128.27081548247583,84.71418457742331,0,5.314197301287661,0
9.354741143913854,7,2,349,1,45.77402786927926,56.202691522344054,8,5.137361419301077,0
12.377398668601131,5,2,81,1,119.25773849247312,60.524305270513416,3,3.9121798929734846,1
17.44687280613959,6,1,84,0,113.41039979797488,22.61240276753621,8,6.651705339655419,1
8.889360955540273,8,0,199,0,133.4982880943405,25.545300909705347,7,1.274272827097528,1
18.56499215086194,2,3,43,1,106.6712775462257,40.60541805196135,2,3.9304554878843927,1
13.798373009209325,4,1,263,1,157.07344567022605,63.5118736570518,2,4.03008891024477,1
13.125895962252013,9,1,92,2,94.93356473876902,79.16409189879943,8,1.727396429801081,0
18.554799841017456,4,1,339,1,89.11622410063333,68.40024490704265,2,7.989462014538608,1
17.2213165574302,4,2,84,2,61.00836489608638,51.37022839894306,3,2.281597462673354,1
13.1951691709046,3,2,300,2,62.64232370327965,29.465925840251053,8,3.8233198853846284,1
20.79664901682124,4,2,296,1,59.02060003938246,82.46185879097516,3,6.815959515610268,1
9.594683362000513,4,0,135,2,108.7359858164309,49.10288412792457,2,6.292090686857463,0
18.07967803472132,6,3,281,0,89.2360272529413,78.88432115862317,6,2.783650607030507,0
17.96550628984192,7,4,59,0,113.22772906627421,61.038307353147346,5,6.364978418521273,0
13.452267803430049,3,1,359,1,51.63004982153585,79.09296428494602,0,5.579568957316444,1
16.63066511121059,6,5,342,2,65.77231199305089,92.58316491620575,9,9.666071124222935,0
8.744432118073485,8,2,241,2,65.09826492897962,93.68236128430416,7,5.807880832136609,0
19.620135096034506,7,1,342,0,186.77082940502734,62.808542400048275,0,4.717516357862936,1
14.075489317785054,3,3,98,1,93.37274684354526,60.9206691812511,3,3.286996085761155,1
12.386384897404803,4,2,62,1,97.34534712915789,41.25427724022698,5,3.5115132660888575,1
20.245046129184445,6,1,264,2,96.90187970934907,94.86398652234331,5,3.348461809063684,0
11.478281547286205,8,2,113,2,162.1131728079537,56.63353337596967,6,7.742197627823844,1
7.957693518182202,3,1,146,2,35.46642393002146,30.207299142990173,4,5.035939830032941,0
7.216854132380481,4,4,216,0,97.60401902742946,54.61639317012399,4,6.13049424794946,0
18.030049756728197,3,3,256,0,35.091437986166184,30.164260019040317,3,8.028495199961775,0
8.597853237518585,8,3,316,1,4.807428702785529,60.20253474056601,5,0.28307171558506994,0
23.77397090992182,1,5,316,1,70.63040209233431,64.90204118849698,6,7.55774752940075,0
4.59035296058139,3,1,362,0,116.48655386014012,47.02046091948682,9,5.110793823566668,1
23.48228184145019,7,3,258,3,68.08877095703237,25.732049138518775,9,5.870096743280889,0
16.05508733601309,5,3,194,1,115.83060606100494,95.48028285065912,0,3.343193556503498,0
14.516434440648037,9,5,347,2,104.2590521801931,81.86824907867437,8,3.489751203102963,0
12.275404565955252,5,2,14,1,94.43737606123167,87.11048644040969,7,5.977691779625975,0
16.995680571760353,4,0,304,4,150.59854239086633,49.34947154289836,6,9.76919560066294,0
14.811826487875758,5,2,103,0,76.15853800609872,80.86648240155604,8,7.006626625629803,1
20.516509410082605,7,4,245,0,115.22621685441109,58.82983161353554,2,7.531045842837081,0
15.571138243310198,3,1,245,2,27.8765295301951,36.086679072483676,9,4.6159974594771604,0
15.751508807309389,6,4,312,1,103.95117750204236,29.95387015257706,3,3.799591550828744,0
13.18193893893072,7,2,268,0,89.71135852621218,47.604069545764546,6,3.438390096842013,0
14.715271881394663,4,1,224,1,52.710143920464,31.004168918011175,5,4.023452550606624,1
16.539008844460295,4,2,220,1,115.93995114913622,99.86151809632548,1,0.8944351336589493,0
6.449158036716872,4,2,311,1,70.44195904392504,23.935119218561766,1,3.5501613142167963,0
8.259072889471435,3,2,217,0,169.2873830871026,55.29148794952612,9,3.8792936878803137,0
18.716320470113576,4,3,4,2,2.6473397862029344,56.16748179123073,6,4.649283651210318,0
15.85432719063971,2,4,36,0,109.93034167046734,44.050554286534044,8,5.263500219494583,1
14.080083318236603,7,2,178,1,101.70789097833776,65.70812525655563,8,5.724901737251221,1
15.092169665326965,6,0,257,2,88.76544977700144,31.998161932123573,6,4.97014925511408,1
16.737908526808354,7,2,17,1,78.83057197907952,82.7129904469787,7,3.837113827314486,0
12.301201598453193,5,2,199,0,102.74512799731022,46.595817459811066,9,1.0732827134689589,1
11.108476372988436,4,1,318,1,142.48765230508764,67.30740718389134,2,3.8493827831964134,1
15.979226275488408,5,1,48,1,33.112579636954706,77.25113888535674,0,3.0550987246259895,1
10.10813611192484,4,1,62,1,67.76052412759266,91.12336941521289,6,5.932133496557207,1
17.041263778572358,7,1,69,0,57.98731462711438,86.862994916176,7,6.818574793387388,1
6.487081978810798,5,2,147,1,56.10830921109226,68.66472224828476,1,6.877142134119879,0
20.14577818662822,6,1,359,1,113.70996021741705,51.07145443071096,8,6.51390547225564,1
17.362987412065216,5,2,162,0,123.57349138935396,60.25637360599711,3,4.732948529095023,1
16.28014867156938,2,4,227,2,142.6041147492815,81.4987834703042,9,3.9560888690482066,1
19.91345491972757,4,4,347,2,124.20391330518338,90.20364340475784,8,3.5057944926658675,0
23.32737222231288,4,2,230,0,127.44567696967066,28.30255425413375,2,1.985002166796499,0
20.07185032509065,6,2,178,1,43.52767117034709,50.78850099944428,7,6.983707401015716,1
5.795628843341774,11,2,345,1,159.34252966503834,82.08932787308004,1,4.650577924140051,0
8.602115166321493,6,0,56,0,91.60969876981959,54.53214100751688,2,2.5073194127582523,0
11.875907111521606,8,1,78,1,141.31984316385558,46.578221125302704,0,3.3470172485795304,1
15.130455251054169,5,0,270,1,44.95331934328263,52.90581574586157,4,3.2660530871348956,0
17.588295102345615,3,1,206,4,90.34320657927101,68.22757974290806,3,5.086048970030253,1
11.371280934232672,5,1,281,0,137.7206363427095,99.98441153070412,0,7.134935702141371,1
15.933833822385392,1,3,228,1,101.11697770717903,59.43939432836254,9,4.304020900808833,1
11.223085338233387,8,2,239,1,69.84120458838365,36.67955799634085,8,0.4949329704327017,0
11.942410985040258,6,2,288,2,152.39253340768497,33.02772602232758,5,4.62163932968216,1
7.966694515758888,4,3,82,0,53.14342431624044,23.387979798113143,5,4.687612199805608,1
10.383833769445479,7,1,334,1,99.18293031011954,64.70537879346571,1,4.550159538128956,0
8.241576971918331,1,6,250,0,125.60682843530581,63.56576731910674,6,3.7450776670485966,1
10.120633735113337,7,2,193,0,183.8276131984146,36.41871414242473,8,5.434878161451684,0
20.268208983039198,3,4,106,4,81.66577629017176,75.62635251620536,5,5.132282230298004,0
10.253005555840286,9,2,189,1,88.94194985360653,79.28856333037446,7,4.950339371746706,1
28.161910324186955,4,0,276,0,82.212354665981,40.7278564305689,4,5.825282722885931,0
17.466589504404446,2,3,74,0,109.53880635658189,47.52798112237892,1,4.140334353704293,1
15.92418061847437,4,1,10,2,123.51713071991459,99.23773378778053,3,4.026828660598693,0
10.708211099093933,6,1,123,2,143.73253514673274,49.94115742805874,0,7.7602465791708,0
18.501549397044958,2,2,216,1,130.24191103923238,80.86413374048814,0,6.118710819430872,0
12.121810868811131,1,1,290,2,80.10503401398847,56.218034130395196,5,6.653892121885599,0
15.610049073226808,7,3,40,0,132.53484090517696,83.46758622887808,1,7.452209170668137,1
27.800422691343975,7,2,193,2,103.66182576178913,81.52185910261183,5,6.0518883612496,1
14.51970050137675,6,4,127,2,129.81008915272818,73.42048201588284,0,6.856777358272343,0
20.74636663142838,8,0,289,2,132.09469731583525,88.38226770364633,9,1.8413096758594794,1
11.484117874370563,7,2,71,0,165.20502984039308,95.13747959021481,2,5.408307743992054,1
14.825057547515192,5,2,137,0,85.81637469988075,66.39866563616671,8,4.634563076371345,1
23.85400317817755,6,2,144,3,78.17789589052452,38.997512577819656,1,8.35536818179962,1
11.865164711061162,6,3,354,0,117.88653652342882,51.890316931526,7,6.8552910636066,1
24.062242789984644,7,3,299,0,147.3006767068125,80.66445708106346,5,3.7391096184136403,1
18.538759677277376,6,0,345,2,102.32255320097741,72.07067880990957,5,5.745588317058412,1
12.187666120528661,3,2,269,0,149.90849167439276,34.2238670852199,6,5.3353626668984795,0
18.162038695277605,3,2,139,2,127.60233359234665,24.099163291713978,4,5.908662866304457,1
19.86277224813365,1,3,52,1,91.95138088431636,74.63692748336518,3,2.9623150612506963,0
18.10904981108598,5,3,17,0,122.53342012235623,40.08632192234763,5,5.72003293047645,0
7.148876400547718,3,1,165,0,82.60692834929054,59.973619498324275,7,4.543697301423531,0
11.364314120875658,9,1,13,1,109.54400293064403,79.73974180100754,3,5.564899528111201,1
13.762406822242475,8,2,190,0,57.073634206750576,65.01334245250665,4,3.5512296697556605,1
14.627832854499768,4,1,340,0,97.2737347826225,26.66420664894371,6,3.829873657206801,0
18.103360487753392,2,2,353,3,139.98756615781423,34.84641894268443,5,7.347684040733405,0
15.88850500466627,3,5,362,0,130.68587605742968,37.546254722473535,3,2.896904883319678,1
8.323278206449494,2,4,352,0,124.83366992133354,40.62914029158759,3,3.044491197915903,1
16.900989255029817,4,3,264,0,111.49918700059283,65.23227135604034,9,4.896837485568844,1
18.052928726419115,4,4,312,1,106.39384198851178,60.31726238603148,3,3.4562192496280906,0
17.7989522396552,5,0,221,2,49.31771591739732,36.25280306913672,0,3.2299427354744026,0
20.403903627773108,8,0,104,0,91.75658507845586,25.404387476454964,4,5.21015194241659,1
19.16961077274452,6,0,339,1,107.30463134661585,33.71457635797745,7,1.9898682861925905,1
17.295900396142184,3,1,198,0,55.0238601703891,98.75050500948826,6,2.984075530172724,0
14.649171442706765,5,2,300,1,29.92976332840469,57.48375598331778,4,9.108191165847288,1
6.6951953324200435,6,1,359,0,145.15330987773788,89.387640376169,2,5.918950117938018,1
17.148091095662927,3,1,169,2,102.03354106439356,87.90019733350746,0,3.506873295460178,0
16.038438435815557,8,0,149,0,108.39917123031131,60.9215645970299,6,5.836430156532394,0
16.357894185976868,8,3,249,1,122.22507291179491,76.53501667684348,2,6.134660953973259,0
8.616257120898453,5,3,256,1,60.713321980602764,35.42016083301698,3,6.988828840180477,0
9.594717297958688,4,2,42,0,83.86016823749488,75.07173639415267,4,4.745687941086539,1
20.26576426666452,2,2,202,2,160.16270418080794,41.79076634106316,7,6.952995405545779,0
14.802224230716725,6,1,244,0,80.45378413553067,86.56496774033207,6,0.9231069502356544,1
18.40750348686312,5,0,157,0,89.36578818212566,26.69793064871279,8,2.8873837390484938,1
15.141591880652307,6,1,286,0,73.22047339991278,81.85109383082221,2,5.327742803472911,1
15.148780697478726,7,0,282,2,70.36583094077358,27.994952525489563,9,5.659267065615583,0
19.691419029879988,3,4,238,3,144.21925409368458,90.49513895154472,0,3.1764354246627162,0
12.419776358913131,9,2,19,0,0.9327377587991066,44.3363614508003,0,5.518839982526318,1
15.480603884704918,2,1,53,1,81.71944720591209,72.35146918644598,9,3.752319502625479,1
12.688623556474788,0,5,85,3,109.0164057051997,59.00018228962239,0,4.446081811545668,0
12.827518862838422,6,1,273,1,167.87164394961152,49.30425162098712,1,7.049547601330022,1
13.454139382656804,4,2,360,1,54.5909857644623,71.63534665467972,1,6.817874993777199,1
16.110668858168566,6,3,213,2,47.773146118550336,95.80183844409903,6,3.005879345273475,1
12.606256891682612,4,1,361,2,65.5959871468774,23.30157978996975,8,2.885497075959793,1
21.278780627867604,5,1,104,1,128.06821587158205,93.50822847064835,7,4.177653208893368,1
10.526963488902481,2,2,192,2,105.0114185311476,68.72653240168108,3,4.94650739765415,1
14.065641779193205,5,1,177,0,42.294573159472776,84.58514406152419,1,3.684203022850518,1
12.801344708629125,4,1,147,1,103.98230390399867,50.70999627474221,2,7.081284885599336,1
22.234889421768663,3,2,81,0,162.05751063557156,57.7474379870091,9,5.69477968341711,0
15.982773882557874,5,0,193,1,110.57921604292542,89.50806014409312,4,5.812170219748858,0
20.159222697343175,3,3,37,0,106.58231562514587,53.187837584785846,8,2.4669223421100566,1
7.572198134815141,3,1,326,1,108.98968478328698,62.7727653399268,7,7.33458143476756,1
16.335251329346296,4,1,154,0,116.58010882251465,21.615593846746634,2,0.0,0
19.448153978117183,8,1,130,0,49.315937543926466,32.68784046704339,8,6.668110903698738,0
15.411419946377121,5,3,59,2,90.72303991545509,71.33492063798398,9,6.8686234753415425,0
20.327401875326757,4,3,224,0,92.8097546769437,77.35815208511016,2,4.135197625444077,1
12.413557749498139,4,1,249,0,80.6612392009,66.60807494275996,9,7.545820434494848,0
22.0467372009279,4,2,240,0,127.44486435095482,31.464802902048852,7,4.8738048940913075,0
26.49449061809625,4,2,293,2,74.64026146973943,55.63243428622678,0,5.124863406654886,1
13.185807197801704,7,2,287,0,85.60126314303503,48.40758130905519,3,5.679057574808432,0
12.77248739299614,8,1,204,0,49.59309277383228,59.65290752280707,3,11.37314982362211,1
22.266922385588504,7,2,99,2,115.13242238563436,89.62632276432754,5,7.688867816166009,0
22.897860728653562,3,2,350,2,137.67611847044083,82.06891509269215,1,6.402262401425836,0
12.385699864233658,6,0,176,0,85.55917929590855,26.719160111132716,6,3.1743910267976103,0
12.899065914520714,6,3,262,2,132.29561642615613,91.22473582196514,4,5.287179650958985,0
13.591076955697464,4,1,271,3,94.12172898251217,57.74137209198589,9,3.373751812307227,0
8.277747444828615,6,4,143,1,0.0,79.50897159087987,5,6.644221694565626,1
10.406740267579009,9,3,189,2,97.93938661182108,31.20313850114817,5,5.280933951469714,1
9.97929616623966,6,4,272,2,92.97715163263827,73.65756205656385,5,2.7509566407722095,0
11.161012174479357,4,3,20,1,104.11982399046722,38.906081408756634,9,5.162249166837006,1
14.826575563066093,6,0,333,2,110.12741740562367,55.070471771274526,7,3.301165060567389,0
16.171073662682602,7,2,300,0,72.643138986021,21.34902960656835,9,5.302432442675094,0
22.752502464070385,4,2,46,1,158.85259911039782,32.128851034438085,3,3.281845367269487,0
10.008229796306045,3,1,95,0,97.35353784777669,27.366439449889583,9,5.054975266721626,0
19.921611992382918,4,1,64,1,92.01345303254337,39.179533835060674,7,6.500939723870189,0
13.930055778872456,5,1,131,0,129.7811843320561,28.00144720194578,8,4.893896016149788,1
14.752681451737836,3,4,9,4,100.74159781156136,75.35280212956495,3,4.218223465655223,1
18.37409746083302,5,1,203,0,202.63366636977594,22.32319217673755,0,5.406552442114926,1
9.386389892188507,3,2,298,0,91.60368835568154,69.41924004999984,2,6.394365241585706,1
16.912048730920255,5,0,174,4,114.07261803655585,31.25662646604594,0,2.785633460236479,0
15.83226104106528,5,1,73,1,70.03389380531756,95.61291657423175,6,5.521312309410405,1
17.462256320040744,5,4,84,0,134.8214217215301,94.64752584878835,0,7.6350816380348,0
16.44584321953909,6,0,59,0,112.34873576775362,38.04024820167701,3,6.14731392655343,0
27.27650069955447,6,2,21,1,86.44127796706655,69.15370385784236,0,5.115508293334456,1
11.81130007874342,6,0,157,1,65.1024760559329,22.240425557796677,1,6.279475013397789,1
12.345015224990911,5,3,319,0,47.62310801594704,94.54308344409392,0,5.904992912205365,0
11.884297367876178,7,2,329,1,116.74858235503177,61.83898465533677,4,6.5072022183196285,0
12.222614404198726,3,2,61,1,44.52482117891891,23.45785211342232,6,0.9521367780341112,0
11.813064363467412,5,2,64,1,152.33896676800651,47.39999944065099,2,1.8930877326734694,1
20.94508265553776,7,1,325,3,49.4861900092654,26.147956948898738,7,7.009658298966475,0
22.102521239949276,2,2,168,0,92.86500321566909,51.43555514986879,4,1.9894416476771188,0
12.14626853125262,8,2,203,0,64.73834911704668,73.59410737290585,4,5.8030772714384105,0
10.838222134478857,4,3,129,0,101.30744937754307,57.59119264331517,4,4.295900687935417,0
17.35707778193202,2,3,245,2,101.06028717501218,50.69777397755636,7,3.0076215088080063,1
12.238884778595143,5,1,106,0,117.792119920783,29.532563643237182,1,5.699299514294947,1
18.164659088777555,5,3,321,0,38.94884024660038,39.59512365549251,1,5.402067007433141,0
16.0146151042565,4,3,122,4,69.45189363284172,28.01146301906809,7,9.220685304192756,1
7.42127942501384,6,4,318,0,138.82189804608794,84.59989853253286,8,3.7503775909282213,0
22.737526006650306,8,0,182,0,126.34206408016043,30.819186238777803,9,7.880220240138348,1
23.97938836547761,4,1,103,0,0.020698868945913773,67.62986932391148,9,5.7048458287686294,1
11.936056547578069,3,0,316,3,115.08918346379383,47.41923308710767,1,3.677956236914575,1
13.06149220032008,6,1,302,0,58.701400961275894,38.07827077241468,3,6.59849291503449,1
16.429326953624525,4,0,261,0,76.32708493178856,71.1574751593683,7,6.131477008907902,0
16.672283949935125,2,2,113,2,90.90689650742657,56.56018475015525,1,5.071686589716099,0
18.29272136336415,3,5,70,2,162.29560630598667,52.01163738276473,3,5.532590712881247,0
25.051022693831747,1,0,160,1,58.29210363266856,67.42816039137773,9,3.8060259379089367,1
14.115263862529753,9,6,240,3,43.84426594399383,59.301410279200056,0,3.3484257494909864,1
11.008513777307732,5,0,11,1,118.01275307122896,44.278736684124866,1,6.518884347645166,0
8.103403859927365,3,4,138,0,98.87929510664,64.72490302122013,6,4.552121151373452,1
11.345349800290405,4,2,167,2,148.28012955010195,73.55988612405557,0,4.8398340035018155,1
14.834365135631014,3,3,247,0,85.8866437659457,22.13545268694834,0,5.559643191888554,0
23.97278931758894,4,1,354,0,148.43269036767992,57.26973831261403,1,5.530576689567616,1
12.411943504819142,6,4,31,1,100.65074390873114,24.6146627666835,3,2.1413470580518705,0
16.118939758194493,4,2,12,0,121.16460434254881,34.912433125448885,6,7.572504172909717,1
14.91788551963624,2,1,243,1,164.95773948065073,64.84069872623785,3,5.242364303801357,0
20.94196636724042,6,0,108,2,93.31008381043308,89.29511322124645,4,4.594693474355701,1
27.63466212936811,3,3,336,2,141.78664942701627,90.62445433507878,3,5.861692010339493,1
12.345656135398396,6,4,323,1,75.45605713047968,25.595520811090502,3,5.473084387229726,1
12.55280278740889,2,2,194,2,109.10155815584965,53.52840690293653,8,6.534125378979404,1
20.22080438534536,8,4,308,0,42.213633132668335,66.64051864036409,5,6.0759673443018825,1
18.40945744813156,3,3,133,0,79.82720124083076,31.765592364027473,2,6.435692457992533,0
24.23353662868017,6,2,281,0,57.67858964567422,81.23457733958173,5,7.701987811455032,1
17.919640926629818,4,5,291,1,148.8301041301895,79.5388206749791,6,6.767249097941944,0
13.203539546064702,5,1,163,0,169.55193443803475,92.26728109654357,6,4.679027559342875,0
17.953274153461546,6,2,278,1,85.81192222672237,20.678880966675443,7,2.7541976878463346,0
20.543517902914537,1,2,203,2,69.07847270395636,37.33473951912021,3,8.33559586600903,1
19.102410905986822,5,1,96,2,47.442220131601196,86.17493713962574,0,4.524553253305775,0
17.53637015553649,7,0,223,0,110.58165504408268,73.64640406615483,5,4.053785173278955,1
20.333373447945768,6,3,237,2,75.90854581326357,91.55118829587926,7,1.5265463644711215,1
20.846477952228362,6,3,117,0,78.0513463460693,24.57437236242132,4,5.676946210624223,1
21.910794955187637,7,3,192,1,165.1835446972774,67.75711725731543,2,5.29777320790754,0
18.243549437948214,4,2,276,2,88.14405393815272,65.52372599149393,3,1.9697701275010386,1
14.164409598415729,3,3,106,2,123.46598281354679,22.85395330884259,7,5.906548084266351,1
15.733568432166614,8,3,4,0,102.11844359658448,61.08176615299868,5,4.003616158597122,1
21.032544832541785,4,0,18,2,45.791783706382645,68.76162490479393,4,10.380630014577388,0
10.91532164506382,5,1,307,1,26.20478508647578,35.30345393616858,8,3.8612776158182633,0
16.843366544364507,5,4,20,2,119.50088234782713,41.86636664997303,9,4.129613335604414,0
13.033305938363197,3,1,122,1,168.16442083467217,71.22778770381896,2,3.2504475514912645,0
15.143724114674088,9,2,137,1,112.59950141682003,57.464075807996664,6,7.5557530420839445,1
21.392259313036494,8,3,80,0,124.96360732736542,88.64109260546614,8,4.254448411070494,0
15.955495340099517,6,1,154,0,63.81174777658079,47.390541280735064,3,3.5501716924690063,1
15.232182740780743,3,1,358,0,140.59577368252036,41.33277267105609,9,6.413910019841085,0
8.200719295100404,5,4,25,1,140.10017819528156,98.78927522758742,9,2.2392941291736297,1
18.731267830136105,5,5,169,0,72.15206110783285,92.89086161040667,2,6.2502210924978945,0
18.227420905705376,5,1,59,0,121.8163509533251,22.31941959991839,0,8.562799433201715,0
25.8162736165273,3,1,301,0,29.343285973081308,81.65828922452528,8,6.133215665670178,0
13.461108825234996,7,5,41,2,128.95647867035947,28.826781906016237,0,6.2757966325198495,1
16.095751638319694,3,0,38,1,77.10329656879817,22.198815586349674,1,6.740120433814967,1
16.246918418553776,0,2,117,5,50.914834523599175,41.89564127730791,8,8.419416057351038,0
22.887266398817374,6,1,275,1,116.10559827968015,41.547670324888344,4,7.419787920038209,0
14.52352233806524,6,2,270,0,29.130801395374192,85.54550098775718,3,5.879339444546048,0
16.395107628851697,4,2,127,0,113.69654323073294,76.85337967542681,8,6.807782801272003,0
18.039482548582697,5,1,3,1,54.70883481820415,98.52875418656114,8,3.228130149069779,0
15.93304561578179,9,3,293,0,46.14895507072562,76.92103202494548,1,6.552587181494644,0
12.767831927247359,5,3,16,1,102.39411845518737,53.46044426048383,2,2.9888880576325048,1
15.970449964491538,4,3,265,3,93.09794969940529,75.91421287561735,2,4.265955162736747,1
20.36815874929886,3,1,239,1,158.27157804362028,99.95672537491217,4,0.0,1
9.8674235029447,6,0,263,0,48.607949995095225,76.81135060500225,2,5.802859318734924,1
15.66484837073438,2,2,134,1,155.00217964658836,80.93450847842547,9,3.7122559777832946,1
11.499395925304134,6,1,213,0,54.494215829228914,95.06920121522074,5,7.2222904304089255,1
20.975233144624212,6,4,15,1,136.77769665700163,29.092100904934668,1,5.780385221210805,0
7.384065476081126,6,4,328,1,144.24370091413496,76.38274347581815,5,7.248191789403251,0
12.205390763642058,5,1,360,0,112.85835143563702,88.06447663739591,5,2.8328069106549245,0
16.886059375322603,3,0,129,0,68.36184477846344,96.35028801767145,1,7.0767720743192655,0
22.827620146171704,4,2,352,0,39.08182112174208,36.87754317693595,5,9.211712688726653,0
14.67124869463506,4,2,122,2,21.928940656192793,60.314320617939536,5,6.528316599863789,1
12.224002366534009,5,4,241,1,174.0916381628354,74.44438781155854,5,6.580698017384577,1
24.40578534720295,4,1,115,0,88.1258042507212,39.797418360106995,4,5.33919535278987,1
7.75993049791878,4,1,197,0,55.813298090899394,68.03782906002192,6,3.9506624388692715,1
4.005970216899591,5,2,222,1,54.27357575839679,40.60630259983995,4,6.522384745403017,1
17.20007225026666,5,6,214,2,106.71449574427042,46.67656164253178,0,1.9878341791958634,0
12.489728878236944,5,1,80,2,84.20591585583635,55.32149572086921,8,4.164489750158367,1
9.893835914346434,7,0,263,0,23.228296845721275,62.33520789972536,2,1.4578863953256356,1
18.541782236496765,3,1,135,2,134.58162677853798,55.94926973001205,1,3.5926872453698344,1
16.219003568855996,2,1,306,1,113.39934221991699,59.455641583034335,9,6.284090183787122,0
12.179606846316357,4,0,242,1,173.59643996675533,43.88710050306341,5,6.010786752440927,0
8.598478006645529,4,1,303,2,145.63165790218156,32.71720752181045,7,5.1018273910709455,0
19.362286641400722,6,1,270,2,0.0,23.787998186147156,1,5.340801988124022,0
18.251005889793305,3,4,287,0,156.67895895350253,35.678297799333414,3,1.2282707642715813,0
14.504120681103085,5,6,50,2,148.29964997098148,66.55549132046264,1,4.25487543885817,0
24.233184980238327,5,1,189,2,70.54508990576,82.88923582425059,8,3.6372967871295803,1
9.649576168369236,5,1,297,0,82.69696971507682,33.539807795431564,9,3.6818806189709186,1
7.372374145376305,5,1,14,0,116.46900428964967,28.684428621811875,1,6.199157255627506,1
11.540459650593778,3,2,232,2,59.43139964812687,79.94322884394002,9,3.278985346989379,0
14.772069918222511,10,0,261,3,90.29084527148679,44.41266644298317,1,3.7906382997451784,0
16.21669724661346,5,5,192,1,140.00149783303652,96.1199551381882,4,0.8258615085809673,0
13.793819710718351,4,2,203,0,120.70911634760321,77.14543764882984,4,4.411753639247661,0
16.760276982571483,4,2,261,1,73.32860944153042,46.14048377944247,6,2.8243249045727605,1
8.74230287904778,7,1,113,2,140.910422265649,43.1634198234964,0,5.158405857379287,0
22.218823020366298,3,1,352,0,112.11581050171725,61.895870901704725,1,3.0977839065150707,0
14.589244108037157,6,1,36,1,110.74821811787494,26.331573462256756,5,5.209084491098432,0
20.586479157940637,2,6,79,0,79.40270548075183,29.41412101162392,1,4.710628478515313,0
16.71362673188852,4,2,275,1,99.73845825324553,34.0686305052954,3,8.344083546084642,0
17.283766095768918,4,1,278,0,69.0363407352091,81.97788746436481,9,5.9944359609063875,1
17.84883640116102,4,0,162,0,22.37793661185401,61.1085887415298,5,1.320724254875394,0
17.238542800086574,8,4,312,0,88.80831337204063,20.845369821955437,6,2.470222311794583,0
18.21361379933772,5,0,17,2,95.11391015620805,73.88132219776872,9,5.110416017984666,1
21.645762650662157,8,4,204,1,105.49155117950662,53.89521429283977,4,3.1403041032146986,0
15.982605848507351,5,1,17,1,148.4861839347398,60.86818919710383,7,0.0,0
18.54501878794256,7,3,202,2,73.9086062109316,37.12929947303485,5,7.699092627667486,1
14.551321528563866,8,2,210,1,85.28991985941121,64.1425782715283,4,6.440448033810815,1
22.200586077247365,3,2,78,1,130.64710390484873,98.33225918011908,3,6.041953746983543,1
11.61803848970365,4,3,56,0,69.89911541672618,25.875575280460914,5,3.78535390905817,1
24.00470216455408,6,1,80,0,106.14998115233912,42.71339197315445,5,5.855353542019859,1
14.799210246778284,4,1,306,1,83.66871945742575,39.43980742886638,5,3.591279351558237,1
7.8461244894097595,4,1,58,0,90.25502469154294,39.88394486009437,0,5.4097146004353815,1
15.640522074553946,6,2,18,2,130.32579556842708,50.29650860523019,5,3.158833548327045,1
11.594741712625595,2,1,208,0,85.0618777607824,85.4487827795334,0,8.032576901112028,1
19.203217744943622,4,1,135,0,131.62976028959338,93.028695197151,4,1.8595266918363107,1
11.736880103488046,2,1,332,2,21.902675671793673,36.177206996717864,6,7.464567659021663,0
12.769082833926102,8,3,10,0,42.81541304322155,63.43599503584902,0,5.077831656034661,1
5.552296345272346,7,6,69,1,7.27199637004604,70.95191777323842,0,4.021066009316018,1
12.738468403754617,2,2,341,2,53.36917531332133,61.7461979491076,5,5.334005843391477,1
2.880603366855217,5,0,83,1,174.2737465139669,54.72611153575357,6,6.466696014356362,1
7.0804858825713834,6,0,109,1,99.29856365266188,35.35804046873903,5,7.733493473388794,1
18.802073280721487,7,3,44,1,71.14788998170172,59.05754873593908,4,5.626286046267064,0
18.92900079325416,7,3,132,0,131.31227299969694,52.09718621690631,5,3.218607829475445,0
17.127287808924823,7,4,18,2,136.9604422902869,83.64506900018156,2,5.111260247531577,0
10.165119284353935,6,2,93,0,51.16608743749896,81.08834873303962,8,8.633586473324746,1
14.7614432192901,5,0,294,0,199.9280047189645,30.719894496453655,4,7.695356171025248,1
14.981987304547157,5,2,148,2,111.05323372004223,27.081524205045405,1,6.8175269562487175,0
9.208176554037287,8,3,172,2,116.09407953817365,92.65231545820023,9,6.591374040244773,1
22.51699150883575,7,2,51,0,119.88932605431447,62.840671117159815,9,6.398900181213084,1
19.386811452878355,4,1,19,2,119.80551480183891,88.62407498260725,6,7.31750966901974,0
13.89517913085168,5,2,120,1,75.14106381142089,24.652089645312092,2,4.08674242855619,1
15.134429194972654,8,2,324,0,184.50077163851208,62.12124932173042,0,2.2898278684499878,1
16.04191403973776,5,1,225,2,88.59246213025362,63.15412116609891,2,5.138007001474123,1
4.791325657878547,2,1,66,1,138.30071110573306,88.856162603372,8,3.364836826444618,1
13.764113087397016,3,4,141,0,81.00261511115008,27.808799858376602,4,2.889958489245631,1
11.590078760011007,7,2,189,2,73.90933987586742,39.235645094072744,6,3.5594428468241364,1
9.991899950525422,3,4,158,1,176.0745845300396,52.52306511096105,2,9.970627849067373,1
13.594498535570226,8,1,98,0,95.66515853524639,89.26731803359537,3,5.272249268151688,0
23.988432634247612,1,1,158,0,98.63571196041822,95.11066520564536,0,5.723815672721976,0
18.20421430633505,5,3,246,0,111.3446882202004,99.41796956749023,2,2.555274385991492,1
12.144105051086015,3,2,344,3,204.07081885283208,96.73547891668173,6,1.3124940824147404,1
17.862913906780793,5,1,236,0,186.75044671685708,20.475340467548353,3,3.3618947137623882,0
